x,y,pop,frac_inondee
15.333749,10.267084,6.0742,0.641
15.334583,10.267084,9.1444,0.515
15.335416,10.267084,10.7412,0.0235
15.336249,10.267084,10.2124,0.0544
15.337083,10.267084,4.0663,0.7782
15.337916,10.267084,2.2926,0.8879
15.347916,10.267084,0.0929,0
15.348749,10.267084,4.0402,0
15.349583,10.267084,7.5293,0.054
15.350416,10.267084,11.1181,0.2975
15.351249,10.267084,12.635,0.013
15.352083,10.267084,3.9678,0
15.352916,10.267084,1.8675,0
15.353749,10.267084,2.2835,0
15.354583,10.267084,2.344,0
15.355416,10.267084,1.2022,0
15.333749,10.26625,4.3382,0.7155
15.334583,10.26625,6.0884,0.3262
15.335416,10.26625,7.3842,0.0137
15.336249,10.26625,14.5787,0.0145
15.337083,10.26625,7.421,0.3602
15.337916,10.26625,2.526,1
15.345416,10.26625,5.5583,0.0271
15.347916,10.26625,0.0876,0.5075
15.348749,10.26625,2.0193,0.293
15.349583,10.26625,5.6952,0.2698
15.350416,10.26625,10.4085,0.6859
15.351249,10.26625,10.8761,0.3596
15.352083,10.26625,6.2479,0
15.352916,10.26625,3.7325,0
15.353749,10.26625,4.5258,0
15.354583,10.26625,3.8194,0
15.355416,10.26625,1.4231,0
15.334583,10.265417,0.4596,0.5862
15.335416,10.265417,4.6854,0.2764
15.336249,10.265417,8.9223,0.1808
15.337083,10.265417,7.7129,0.0038
15.337916,10.265417,2.2292,0.7432
15.348749,10.265417,0.9659,0.0735
15.349583,10.265417,3.0892,0
15.350416,10.265417,3.635,0.3138
15.351249,10.265417,4.6943,0.0314
15.352083,10.265417,4.3323,0
15.352916,10.265417,2.5751,0
15.353749,10.265417,3.7048,0
15.354583,10.265417,4.1631,0
15.355416,10.265417,1.8815,0
15.357916,10.265417,3.6789,0
15.358749,10.265417,7.2111,0
15.359583,10.265417,7.4989,0
15.360416,10.265417,4.8911,0
15.333749,10.264584,0.1449,1
15.334583,10.264584,0.3627,0.7546
15.335416,10.264584,0.7299,0.7084
15.336249,10.264584,1.2256,0.5151
15.337083,10.264584,0.6381,0.2338
15.348749,10.264584,0.2929,0.0141
15.349583,10.264584,1.0319,3e-4
15.350416,10.264584,1.6739,0
15.351249,10.264584,0.8968,0
15.352083,10.264584,0.0754,0
15.352916,10.264584,0.1501,0
15.353749,10.264584,0.6572,0
15.354583,10.264584,1.5806,0
15.355416,10.264584,1.0766,0
15.357083,10.264584,0.6695,0
15.357916,10.264584,7.2626,0
15.358749,10.264584,14.036,0
15.359583,10.264584,14.2183,0
15.360416,10.264584,6.7596,0
15.332916,10.26375,0.1454,0.9309
15.333749,10.26375,2.285,0.592
15.334583,10.26375,5.555,1
15.335416,10.26375,6.8641,0.9159
15.336249,10.26375,6.616,1
15.337083,10.26375,3.2453,0.6377
15.350416,10.26375,0.0897,0
15.351249,10.26375,0.0902,0
15.354583,10.26375,0.4185,0
15.355416,10.26375,2.2597,0
15.356249,10.26375,1.8412,0
15.357083,10.26375,1.5918,0
15.357916,10.26375,7.9661,0
15.358749,10.26375,12.6471,0
15.359583,10.26375,10.8937,0
15.360416,10.26375,6.1447,0
15.332916,10.262917,1.5607,0.3635
15.333749,10.262917,6.6198,0.3973
15.334583,10.262917,10.8619,0.2949
15.335416,10.262917,15.3795,0.654
15.336249,10.262917,12.6359,0.9122
15.337083,10.262917,6.1243,0.7947
15.337916,10.262917,0.3612,0.7715
15.338749,10.262917,0.1457,0.8897
15.352916,10.262917,1.9249,0
15.354583,10.262917,1.0043,0
15.355416,10.262917,4.0266,0
15.356249,10.262917,3.3664,0
15.357083,10.262917,0.9206,0
15.357916,10.262917,3.4995,0
15.358749,10.262917,5.3964,0
15.359583,10.262917,3.522,0
15.360416,10.262917,0.851,0
15.326249,10.262084,0.1674,1
15.327083,10.262084,1.1778,1
15.327916,10.262084,1.6467,1
15.328749,10.262084,0.7688,1
15.329583,10.262084,0.1674,1
15.330416,10.262084,1.5065,1
15.332916,10.262084,3.6142,0.6732
15.333749,10.262084,8.4687,0
15.334583,10.262084,18.4817,0.2135
15.335416,10.262084,21.3571,0.3956
15.336249,10.262084,18.5831,0.3742
15.337083,10.262084,7.2945,0.5844
15.337916,10.262084,3.2612,0.7753
15.338749,10.262084,0.7906,0.934
15.339583,10.262084,0.1454,1
15.354583,10.262084,0.5859,0
15.355416,10.262084,2.7619,0
15.356249,10.262084,2.176,0
15.357916,10.262084,1.7832,0
15.358749,10.262084,3.4314,0
15.359583,10.262084,1.5918,0
15.326249,10.26125,0.1853,0.7024
15.327083,10.26125,2.4271,0.9704
15.327916,10.26125,3.2802,1
15.328749,10.26125,1.5451,1
15.329583,10.26125,0.3348,1
15.332916,10.26125,3.4255,0.716
15.333749,10.26125,8.1204,0.0982
15.334583,10.26125,14.1142,0.332
15.335416,10.26125,14.7448,0.3446
15.336249,10.26125,12.1523,0.7632
15.337083,10.26125,7.1195,0.753
15.337916,10.26125,4.8482,0.804
15.338749,10.26125,1.6199,1
15.339583,10.26125,0.3944,1
15.357916,10.26125,0.9325,0
15.358749,10.26125,1.7579,0
15.359583,10.26125,0.8369,0
15.326249,10.260417,5.1575,0.3014
15.327083,10.260417,8.5641,0.3473
15.327916,10.260417,7.8883,0.5725
15.328749,10.260417,3.714,0.9644
15.329583,10.260417,0.9991,1
15.330416,10.260417,0.1407,1
15.332916,10.260417,1.2228,0.9955
15.333749,10.260417,6.7345,0.6567
15.334583,10.260417,7.4912,0.7639
15.335416,10.260417,5.9814,0.4746
15.336249,10.260417,2.2673,0.9971
15.337083,10.260417,3.287,0.944
15.337916,10.260417,3.5642,0.2752
15.338749,10.260417,1.46,0.5957
15.339583,10.260417,0.4631,0.6563
15.359583,10.260417,4.267,0
15.360416,10.260417,6.7441,0
15.361249,10.260417,6.4608,0.0099
15.326249,10.259584,5.9106,0
15.327083,10.259584,10.1427,0
15.327916,10.259584,11.7658,0
15.328749,10.259584,6.987,0.1714
15.329583,10.259584,4.7884,0.6026
15.330416,10.259584,1.9519,0.6599
15.331249,10.259584,0.1483,0.9588
15.332916,10.259584,0.6261,1
15.333749,10.259584,2.6408,0.9282
15.334583,10.259584,3.7126,0.826
15.335416,10.259584,2.447,0.4855
15.336249,10.259584,0.7787,0.9102
15.337083,10.259584,0.4779,0.9783
15.337916,10.259584,0.8504,0.5575
15.338749,10.259584,0.8152,0.2302
15.339583,10.259584,0.2519,0.66
15.358749,10.259584,0.1509,0
15.359583,10.259584,6.3357,0
15.360416,10.259584,9.6615,0.1086
15.361249,10.259584,8.7965,0.6485
15.326249,10.25875,4.4314,0
15.327083,10.25875,7.0089,0
15.327916,10.25875,8.0533,0
15.328749,10.25875,7.3771,0
15.329583,10.25875,6.8417,0.0517
15.330416,10.25875,3.4628,0.7627
15.331249,10.25875,0.5143,0.1381
15.332083,10.25875,1.501,0.0506
15.332916,10.25875,5.1921,0.3503
15.333749,10.25875,5.8939,0.8074
15.334583,10.25875,1.8309,0.2301
15.335416,10.25875,1.0184,0.4283
15.336249,10.25875,1.1928,0.707
15.337083,10.25875,1.0934,0.9636
15.337916,10.25875,0.3622,0.4501
15.338749,10.25875,0.5436,0.6079
15.339583,10.25875,0.2437,0.5129
15.358749,10.25875,0.2378,0
15.359583,10.25875,6.3259,0
15.360416,10.25875,10.2179,0
15.361249,10.25875,7.2234,0
15.326249,10.257917,0.1466,0
15.327083,10.257917,0.761,0
15.327916,10.257917,4.8861,0
15.328749,10.257917,7.0966,0
15.329583,10.257917,5.7119,0
15.330416,10.257917,2.4104,0.0016
15.331249,10.257917,0.8991,0.3279
15.332083,10.257917,3.661,0.0094
15.332916,10.257917,8.158,0.0136
15.333749,10.257917,8.3334,0.2631
15.334583,10.257917,3.2335,0.333
15.335416,10.257917,2.4833,0.4715
15.336249,10.257917,4.759,0.3346
15.337083,10.257917,3.8284,0.4121
15.337916,10.257917,1.4025,0.9508
15.338749,10.257917,0.8613,1
15.339583,10.257917,0.3029,0.6476
15.358749,10.257917,0.1473,0
15.359583,10.257917,3.3989,0
15.360416,10.257917,6.1706,0
15.361249,10.257917,5.8005,0
15.362083,10.257917,0.1674,0
15.362916,10.257917,2.7619,0
15.363749,10.257917,3.3198,0
15.364583,10.257917,1.5065,0
15.326249,10.257084,2.4271,0.4027
15.327083,10.257084,0.7963,0.0579
15.327916,10.257084,2.5663,0
15.328749,10.257084,5.3911,0
15.329583,10.257084,5.9142,0
15.330416,10.257084,2.5537,0
15.331249,10.257084,1.6833,0.0132
15.332083,10.257084,4.6595,0.0068
15.332916,10.257084,8.3944,0
15.333749,10.257084,9.5821,0
15.334583,10.257084,6.5781,0.1064
15.335416,10.257084,5.1456,0.2493
15.336249,10.257084,5.5015,0.4595
15.337083,10.257084,5.0584,0.5147
15.337916,10.257084,2.7524,0.1615
15.338749,10.257084,2.1445,0.9506
15.339583,10.257084,0.6743,0.5738
15.362083,10.257084,0.4921,0
15.362916,10.257084,4.9114,0
15.363749,10.257084,6.3629,0
15.364583,10.257084,3.094,0
15.326249,10.25625,1.8066,0.6204
15.327083,10.25625,5.3956,0.2204
15.327916,10.25625,5.2298,0
15.328749,10.25625,7.7593,0
15.329583,10.25625,7.7979,0
15.330416,10.25625,5.5914,0
15.331249,10.25625,6.6467,0
15.332083,10.25625,7.372,0
15.332916,10.25625,6.8203,0
15.333749,10.25625,8.6063,0
15.334583,10.25625,8.2711,0
15.335416,10.25625,5.4918,0
15.336249,10.25625,4.8147,0
15.337083,10.25625,6.2674,0
15.337916,10.25625,6.0968,0.004
15.338749,10.25625,3.8883,0.5758
15.339583,10.25625,1.4064,1
15.340416,10.25625,0.3887,1
15.362083,10.25625,0.3574,0
15.362916,10.25625,3.4775,0
15.363749,10.25625,4.9784,0
15.364583,10.25625,2.3434,0
15.326249,10.255417,2.882,0.2784
15.327083,10.255417,6.6064,0.1615
15.327916,10.255417,6.0432,0
15.328749,10.255417,7.2979,0
15.329583,10.255417,7.9212,0
15.330416,10.255417,8.4963,0
15.331249,10.255417,9.5819,0
15.332083,10.255417,8.7223,0
15.332916,10.255417,5.104,0.0994
15.333749,10.255417,7.6682,0
15.334583,10.255417,8.1288,0
15.335416,10.255417,8.7724,0
15.336249,10.255417,8.657,0
15.337083,10.255417,8.6939,0
15.337916,10.255417,7.4552,0
15.338749,10.255417,3.9479,0.2944
15.339583,10.255417,2.0342,0.64
15.340416,10.255417,1.2181,1
15.341249,10.255417,1.1886,1
15.342083,10.255417,0.5618,0.8024
15.362916,10.255417,1.089,0
15.363749,10.255417,1.5902,0
15.364583,10.255417,0.5022,0
15.366249,10.255417,0.1674,0
15.367083,10.255417,0.1853,0
15.324583,10.254584,0.5859,0.7219
15.326249,10.254584,0.9579,0
15.327083,10.254584,3.1685,0
15.327916,10.254584,3.2735,0
15.328749,10.254584,5.8356,0
15.329583,10.254584,7.9016,0
15.330416,10.254584,8.2275,0
15.331249,10.254584,9.0113,0
15.332083,10.254584,6.6796,0.099
15.332916,10.254584,2.1405,0.803
15.333749,10.254584,4.1433,0.6021
15.334583,10.254584,7.6743,0.3169
15.335416,10.254584,8.0208,0.015
15.336249,10.254584,8.1222,0
15.337083,10.254584,8.7309,0
15.337916,10.254584,5.734,0
15.338749,10.254584,1.7819,0.463
15.339583,10.254584,4.3906,0.4715
15.340416,10.254584,5.566,0.7592
15.341249,10.254584,4.0571,0.5797
15.342083,10.254584,1.222,0.9358
15.366249,10.254584,0.1674,0
15.367083,10.254584,0.3436,0
15.327083,10.25375,0.1514,0.1511
15.327916,10.25375,0.9186,0.3662
15.328749,10.25375,4.9698,0.0172
15.329583,10.25375,7.6445,0
15.330416,10.25375,7.8167,0.0147
15.331249,10.25375,6.8905,0.3816
15.332083,10.25375,4.0472,0.3287
15.332916,10.25375,0.675,0.7673
15.333749,10.25375,2.1485,0.9927
15.334583,10.25375,5.2459,0.9756
15.335416,10.25375,7.6496,0.744
15.336249,10.25375,7.7478,0.575
15.337083,10.25375,7.1473,0.2428
15.337916,10.25375,2.8925,0
15.338749,10.25375,1.7177,0.0087
15.339583,10.25375,7.7091,0.1297
15.340416,10.25375,15.2805,0
15.341249,10.25375,7.385,0.0425
15.342083,10.25375,0.9997,0.9066
15.344583,10.25375,0.2047,1
15.345416,10.25375,0.2613,1
15.346249,10.25375,0.0697,1
15.366249,10.25375,0.1718,0
15.367083,10.25375,2.5108,0
15.327083,10.252917,0.1525,0.144
15.327916,10.252917,0.6958,0.2097
15.328749,10.252917,2.7513,0.1698
15.329583,10.252917,4.0776,0.3018
15.330416,10.252917,3.057,0.177
15.331249,10.252917,1.991,0.9426
15.332083,10.252917,0.8357,0.9235
15.332916,10.252917,0.2664,0.7745
15.333749,10.252917,1.1785,0.3357
15.334583,10.252917,1.9216,0.8455
15.335416,10.252917,4.8087,0.3714
15.336249,10.252917,6.5843,0.1461
15.337083,10.252917,4.7574,0.0519
15.337916,10.252917,1.9263,0.531
15.338749,10.252917,2.8258,0.0218
15.339583,10.252917,8.0544,0
15.340416,10.252917,10.026,0
15.341249,10.252917,7.3214,0.1065
15.342083,10.252917,0.8212,0.5982
15.342916,10.252917,0.5936,0.8935
15.343749,10.252917,1.191,1
15.344583,10.252917,5.3794,1
15.345416,10.252917,6.6584,1
15.346249,10.252917,4.152,1
15.347083,10.252917,0.2591,1
15.366249,10.252917,0.1718,0
15.367083,10.252917,2.9786,0
15.327083,10.252084,0.2838,0.7742
15.327916,10.252084,0.6095,0.7751
15.328749,10.252084,0.9745,0.9853
15.329583,10.252084,2.7667,0.0874
15.330416,10.252084,3.2198,0.4078
15.331249,10.252084,1.4133,0.1237
15.332083,10.252084,0.164,0.2489
15.333749,10.252084,0.3163,0
15.334583,10.252084,0.6396,0.0958
15.335416,10.252084,3.7567,0.0305
15.336249,10.252084,5.4945,0.6682
15.337083,10.252084,4.3861,0.3841
15.337916,10.252084,2.8836,0.5631
15.338749,10.252084,3.0535,0.0605
15.339583,10.252084,7.7,0
15.340416,10.252084,9.5629,0.0133
15.341249,10.252084,7.9575,0.0177
15.342083,10.252084,5.892,0.4275
15.342916,10.252084,1.6063,1
15.343749,10.252084,2.2278,1
15.344583,10.252084,8.3589,0.438
15.345416,10.252084,12.6786,0.61
15.346249,10.252084,7.165,1
15.347083,10.252084,9.4316,1
15.367083,10.252084,0.8369,0
15.327083,10.25125,0.2914,0.6245
15.327916,10.25125,0.6229,0.2057
15.328749,10.25125,0.6266,0.10780000000000001
15.329583,10.25125,2.6999,0.0037
15.330416,10.25125,3.3182,0
15.331249,10.25125,1.1543,0
15.334583,10.25125,0.1555,0
15.335416,10.25125,3.0151,0
15.336249,10.25125,5.3932,0.1853
15.337083,10.25125,5.4027,0.0663
15.337916,10.25125,5.6987,0
15.338749,10.25125,4.7821,0
15.339583,10.25125,2.2652,0
15.340416,10.25125,7.7214,0.3078
15.341249,10.25125,8.9665,0.2293
15.342083,10.25125,7.6326,0.7424
15.342916,10.25125,1.1032,0.6071
15.343749,10.25125,1.9417,0.8791
15.344583,10.25125,8.5845,0.3777
15.345416,10.25125,9.8108,0.066
15.346249,10.25125,6.0225,0.9834
15.347083,10.25125,4.7473,1
15.327083,10.250417,0.1503,0.3645
15.327916,10.250417,0.2838,0
15.328749,10.250417,0.2884,0
15.329583,10.250417,0.7449,0
15.330416,10.250417,0.9788,0
15.331249,10.250417,0.3946,0
15.334583,10.250417,0.3331,0
15.335416,10.250417,3.5126,0
15.336249,10.250417,5.4234,0
15.337083,10.250417,5.3848,0
15.337916,10.250417,6.4922,0
15.338749,10.250417,4.9661,0
15.339583,10.250417,1.1572,0
15.340416,10.250417,7.3916,0
15.341249,10.250417,8.8828,0.0029
15.342083,10.250417,7.605,0
15.342916,10.250417,3.3487,0
15.343749,10.250417,3.4737,0.0147
15.344583,10.250417,5.0035,0.2123
15.345416,10.250417,4.9032,0.2051
15.346249,10.250417,2.3108,1
15.347083,10.250417,0.2567,1
15.349583,10.250417,7.6199,0.5147
15.322916,10.249584,1.4454,0.0013
15.323749,10.249584,5.2709,0.0713
15.324583,10.249584,6.7908,0
15.325416,10.249584,6.318,0
15.326249,10.249584,1.5919,0
15.334583,10.249584,0.3465,0
15.335416,10.249584,2.883,0
15.336249,10.249584,4.402,0
15.337083,10.249584,3.0335,0
15.337916,10.249584,2.2236,0
15.338749,10.249584,2.0124,0
15.339583,10.249584,8.1368,0
15.340416,10.249584,11.6038,0
15.341249,10.249584,9.1251,0
15.342083,10.249584,8.1482,0
15.342916,10.249584,8.4841,0
15.343749,10.249584,9.8641,0
15.344583,10.249584,7.5491,0
15.345416,10.249584,2.5851,0.3853
15.346249,10.249584,0.9365,0.5228
15.347083,10.249584,0.1553,0.9974
15.347916,10.249584,0.7943,0.9997
15.348749,10.249584,0.7056,1
15.322083,10.24875,6.9145,0
15.322916,10.24875,7.711,0
15.323749,10.24875,8.8223,0
15.324583,10.24875,8.2249,0
15.325416,10.24875,7.5451,0
15.326249,10.24875,2.1089,0
15.329583,10.24875,4.6551,0
15.333749,10.24875,1.8412,0
15.334583,10.24875,0.7532,0
15.335416,10.24875,1.0306,0
15.336249,10.24875,1.4852,0
15.337083,10.24875,1.0319,0
15.337916,10.24875,1.1383,0
15.338749,10.24875,4.0332,0
15.339583,10.24875,8.6953,0
15.340416,10.24875,11.9463,0
15.341249,10.24875,7.9672,0
15.342083,10.24875,5.2774,0
15.342916,10.24875,8.2676,0
15.343749,10.24875,8.6646,0
15.344583,10.24875,8.8153,0
15.345416,10.24875,7.2383,0.0205
15.346249,10.24875,4.4138,0.0071
15.347083,10.24875,3.106,0.2188
15.347916,10.24875,3.9691,0.4107
15.348749,10.24875,2.0525,0.9877
15.349583,10.24875,0.4097,1
15.350416,10.24875,0.1621,1
15.322083,10.247917,7.2043,0
15.322916,10.247917,8.9428,0
15.323749,10.247917,8.985,0
15.324583,10.247917,10.6221,0
15.325416,10.247917,8.8766,0
15.326249,10.247917,5.0251,0
15.327083,10.247917,0.7708,0
15.334583,10.247917,0.265,0
15.335416,10.247917,2.7561,0
15.336249,10.247917,3.8989,0
15.337083,10.247917,1.9778,0
15.337916,10.247917,1.2141,0
15.338749,10.247917,4.2499,0
15.339583,10.247917,6.7345,0
15.340416,10.247917,6.5329,0
15.341249,10.247917,4.3046,0
15.342083,10.247917,1.8991,0
15.342916,10.247917,3.3965,0
15.343749,10.247917,7.2674,0
15.344583,10.247917,8.297,0
15.345416,10.247917,9.6255,0
15.346249,10.247917,8.667,0
15.347083,10.247917,9.3901,0
15.347916,10.247917,6.3124,0.034
15.348749,10.247917,1.2997,0.4265
15.349583,10.247917,0.8961,0.9834
15.350416,10.247917,0.3848,1
15.322083,10.247084,4.2551,0
15.322916,10.247084,7.9146,0
15.323749,10.247084,7.8531,0
15.324583,10.247084,9.0968,0
15.325416,10.247084,9.98,0
15.326249,10.247084,5.0919,0
15.327083,10.247084,0.8517,0
15.334583,10.247084,0.2722,0
15.335416,10.247084,4.0797,0
15.336249,10.247084,5.2975,0
15.337083,10.247084,2.7069,0
15.337916,10.247084,0.5585,0
15.338749,10.247084,1.182,0
15.339583,10.247084,3.1339,0
15.340416,10.247084,3.3997,0
15.341249,10.247084,1.391,0
15.342083,10.247084,1.0427,0
15.342916,10.247084,4.4394,0
15.343749,10.247084,8.1735,0
15.344583,10.247084,9.1147,0
15.345416,10.247084,12.4176,0
15.346249,10.247084,12.3642,0
15.347083,10.247084,16.1413,0
15.347916,10.247084,7.2613,0
15.348749,10.247084,7.2885,0.001
15.349583,10.247084,7.6071,0.4985
15.350416,10.247084,2.2495,0.9211
15.351249,10.247084,0.4136,1
15.322083,10.24625,3.4022,0
15.322916,10.24625,6.6331,0
15.323749,10.24625,4.741,0
15.324583,10.24625,4.0569,0
15.325416,10.24625,3.9171,0
15.326249,10.24625,0.7608,0
15.328749,10.24625,3.5151,0
15.333749,10.24625,4.6307,0
15.334583,10.24625,1.8851,0
15.335416,10.24625,6.3613,0
15.336249,10.24625,7.8671,0
15.337083,10.24625,5.6645,0
15.337916,10.24625,2.6772,0
15.338749,10.24625,2.4382,0
15.339583,10.24625,3.9613,0
15.340416,10.24625,3.0893,0
15.341249,10.24625,0.9599,0
15.342083,10.24625,0.7516,0
15.342916,10.24625,3.5875,0
15.343749,10.24625,7.9752,0
15.344583,10.24625,7.9619,0
15.345416,10.24625,9.6286,0
15.346249,10.24625,17.264,0
15.347083,10.24625,15.9466,0
15.347916,10.24625,11.6422,0
15.348749,10.24625,8.7121,0
15.349583,10.24625,10.007,0.0054
15.350416,10.24625,7.1792,0.4907
15.351249,10.24625,3.2501,0.7225
15.322083,10.245417,0.1718,0
15.322916,10.245417,0.3436,0
15.323749,10.245417,0.3551,0
15.324583,10.245417,0.1659,0
15.325416,10.245417,0.1616,0
15.326249,10.245417,0.0601,0
15.332916,10.245417,0.6695,0
15.333749,10.245417,3.2986,0
15.334583,10.245417,6.9959,0
15.335416,10.245417,7.8186,0
15.336249,10.245417,7.7283,0
15.337083,10.245417,6.0509,0
15.337916,10.245417,3.3311,0
15.338749,10.245417,4.6012,0
15.339583,10.245417,4.1295,0
15.340416,10.245417,0.4322,0
15.341249,10.245417,0.1662,0
15.342916,10.245417,0.3177,0
15.343749,10.245417,1.4651,0
15.344583,10.245417,2.0272,0
15.345416,10.245417,3.9898,0
15.346249,10.245417,9.6809,0
15.347083,10.245417,10.1462,0
15.347916,10.245417,9.0965,0
15.348749,10.245417,4.6775,0
15.349583,10.245417,8.3909,0
15.350416,10.245417,11.0447,0
15.351249,10.245417,6.8899,0.2901
15.352083,10.245417,4.2804,0.9795
15.354583,10.245417,2.4271,1
15.332916,10.244584,0.6695,0
15.333749,10.244584,3.2733,0
15.334583,10.244584,6.0471,0
15.335416,10.244584,6.3011,0
15.336249,10.244584,2.2827,0
15.337083,10.244584,0.7576,0
15.337916,10.244584,0.9394,0
15.338749,10.244584,2.9579,0
15.339583,10.244584,2.5369,0
15.341249,10.244584,0.8369,0
15.343749,10.244584,0.0938,0
15.344583,10.244584,0.2175,0
15.345416,10.244584,0.6689,0
15.346249,10.244584,2.4195,0
15.347083,10.244584,3.3546,0
15.347916,10.244584,2.9301,0
15.348749,10.244584,6.8483,0
15.349583,10.244584,8.1611,0
15.350416,10.244584,10.943,0
15.351249,10.244584,8.0603,0
15.352083,10.244584,7.7514,0.184
15.352916,10.244584,6.112,0.8094
15.354583,10.244584,4.7666,1
15.334583,10.24375,0.1674,0
15.335416,10.24375,0.3955,0
15.336249,10.24375,0.6031,0
15.337083,10.24375,0.1674,0
15.338749,10.24375,0.149,0
15.339583,10.24375,0.1489,0
15.347916,10.24375,1.088,0
15.348749,10.24375,5.503,0
15.349583,10.24375,6.7163,0
15.350416,10.24375,7.7773,0
15.351249,10.24375,8.8764,0
15.352083,10.24375,11.0271,0
15.352916,10.24375,6.6495,0.0637
15.353749,10.24375,0.6203,0.7472
15.333749,10.242917,0.1674,0
15.334583,10.242917,0.1718,0
15.335416,10.242917,0.1674,0
15.349583,10.242917,0.4185,0
15.350416,10.242917,6.0465,0
15.351249,10.242917,7.6743,0
15.352083,10.242917,8.7056,0
15.352916,10.242917,8.7035,0
15.353749,10.242917,6.3915,0.1806
15.354583,10.242917,1.0963,0.9879
15.332916,10.242084,0.9326,0
15.333749,10.242084,3.1317,0
15.334583,10.242084,3.8151,0
15.335416,10.242084,2.2597,0
15.351249,10.242084,2.1087,0
15.352083,10.242084,6.0733,0
15.352916,10.242084,7.7407,0
15.353749,10.242084,8.9884,0
15.354583,10.242084,7.6588,0.1932
15.355416,10.242084,1.088,0.9193
15.356249,10.242084,0.1674,1
15.332916,10.24125,1.6749,0
15.333749,10.24125,4.67,0
15.334583,10.24125,5.034,0
15.335416,10.24125,2.6857,0
15.352916,10.24125,4.6729,0
15.353749,10.24125,11.3046,0
15.354583,10.24125,11.8832,0
15.355416,10.24125,7.4079,0.4156
15.356249,10.24125,2.8456,1
15.357083,10.24125,0.1718,1
15.332916,10.240417,0.7701,0
15.333749,10.240417,2.3434,0
15.334583,10.240417,2.1081,0
15.335416,10.240417,0.5312,0
15.352916,10.240417,3.0129,0
15.353749,10.240417,6.7315,0
15.354583,10.240417,7.7822,0
15.355416,10.240417,6.7979,0.0083
15.356249,10.240417,7.1206,0.7312
15.357083,10.240417,4.3376,1
15.357916,10.240417,1.5065,1
15.355416,10.239584,4.7693,0
15.356249,10.239584,10.6795,0.0488
15.357083,10.239584,11.3098,0.5206
15.357916,10.239584,6.3787,0.9963
15.361249,10.239584,3.0966,1
15.354583,10.23875,0.3436,0
15.355416,10.23875,4.4436,0
15.356249,10.23875,10.8604,0
15.357083,10.23875,12.2153,0
15.357916,10.23875,7.401,0.579
15.358749,10.23875,0.4935,0.9542
15.359583,10.23875,0.1508,0.964
15.353749,10.237917,0.3439,0
15.354583,10.237917,3.4193,0
15.355416,10.237917,6.4612,0
15.356249,10.237917,7.6968,0
15.357083,10.237917,7.8394,0
15.357916,10.237917,7.2938,0.0276
15.358749,10.237917,4.0233,0.3153
15.359583,10.237917,0.7901,0.4786
15.360416,10.237917,0.1519,1
15.361249,10.237917,0.0909,1
15.353749,10.237084,1.0891,0
15.354583,10.237084,6.1527,0
15.355416,10.237084,7.2976,0
15.356249,10.237084,4.0015,0
15.357083,10.237084,5.5589,0
15.357916,10.237084,7.6509,0
15.358749,10.237084,5.7353,0
15.359583,10.237084,2.2799,0.239
15.360416,10.237084,1.0333,0.9983
15.361249,10.237084,0.2126,1
15.353749,10.23625,0.6695,0
15.354583,10.23625,3.497,0
15.355416,10.23625,4.0557,0
15.356249,10.23625,2.7855,0
15.357083,10.23625,4.0683,0
15.357916,10.23625,5.9348,0
15.358749,10.23625,5.3423,0
15.359583,10.23625,4.4614,0.0084
15.360416,10.23625,2.8316,0.5811
15.361249,10.23625,0.2913,1
15.322083,10.235417,0.2896,0
15.355416,10.235417,0.7013,0
15.356249,10.235417,1.4494,0
15.357083,10.235417,1.1646,0
15.357916,10.235417,1.2583,0
15.358749,10.235417,2.209,0
15.359583,10.235417,3.9716,0
15.360416,10.235417,2.7777,0.0195
15.361249,10.235417,0.2377,0.9125
15.366249,10.235417,2.4271,1
15.322083,10.234584,0.5806,0
15.322916,10.234584,0.08,0
15.354583,10.234584,0.1649,0
15.355416,10.234584,2.4957,0
15.356249,10.234584,4.3227,0
15.357083,10.234584,3.3915,0
15.357916,10.234584,2.3456,0
15.358749,10.234584,1.4623,0
15.359583,10.234584,1.2464,0
15.360416,10.234584,0.686,0
15.361249,10.234584,0.4558,0.2728
15.362083,10.234584,0.9622,0.8977
15.362916,10.234584,0.9546,1
15.363749,10.234584,0.4334,1
15.322083,10.23375,0.8462,0
15.322916,10.23375,0.2714,0
15.354583,10.23375,0.1552,0
15.355416,10.23375,1.9729,0
15.356249,10.23375,3.4728,0
15.357083,10.23375,3.0897,0
15.357916,10.23375,1.868,0
15.358749,10.23375,1.1246,0
15.359583,10.23375,0.3761,0
15.361249,10.23375,1.1739,0
15.362083,10.23375,2.7738,0.0288
15.362916,10.23375,3.0135,0.6783
15.363749,10.23375,1.2131,1
15.322083,10.232917,4.7772,0
15.322916,10.232917,4.177,0
15.323749,10.232917,1.0321,0
15.324583,10.232917,0.2037,0
15.356249,10.232917,1.3401,0
15.357083,10.232917,1.9224,0
15.357916,10.232917,0.8358,0
15.358749,10.232917,0.4025,0
15.359583,10.232917,0.656,0
15.360416,10.232917,0.5338,0
15.361249,10.232917,1.2772,0
15.362083,10.232917,2.4795,0
15.362916,10.232917,2.3639,0.1605
15.363749,10.232917,1.0999,0.961
15.364583,10.232917,0.0908,1
15.322083,10.232084,7.6056,0
15.322916,10.232084,7.4772,0
15.323749,10.232084,2.2344,0
15.324583,10.232084,0.3187,0
15.356249,10.232084,1.1915,0
15.357083,10.232084,1.598,0
15.357916,10.232084,0.5941,0
15.358749,10.232084,0.7023,0
15.359583,10.232084,1.3382,0
15.360416,10.232084,1.6044,0
15.361249,10.232084,0.7144,0
15.362083,10.232084,1.0167,0
15.362916,10.232084,2.3778,0
15.363749,10.232084,3.9317,0.2364
15.364583,10.232084,2.6191,1
15.365416,10.232084,0.2456,1
15.322083,10.23125,7.3119,0
15.322916,10.23125,7.4018,0
15.323749,10.23125,2.0591,0
15.324583,10.23125,0.3114,0
15.327916,10.23125,1.7576,0
15.356249,10.23125,0.3748,0
15.357083,10.23125,0.499,0
15.357916,10.23125,0.1935,0
15.358749,10.23125,0.5476,0
15.359583,10.23125,1.0616,0
15.360416,10.23125,1.2163,0
15.361249,10.23125,0.1674,0
15.362083,10.23125,0.9936,0
15.362916,10.23125,6.1635,0
15.363749,10.23125,8.1569,0.1918
15.364583,10.23125,5.8713,0.985
15.365416,10.23125,0.255,1
15.322083,10.230417,7.7305,0
15.322916,10.230417,7.4777,0
15.323749,10.230417,4.3436,0
15.324583,10.230417,1.4853,0
15.325416,10.230417,0.2489,0
15.327916,10.230417,0.0982,0
15.328749,10.230417,0.9206,0
15.329583,10.230417,1.426,0
15.330416,10.230417,0.6695,0
15.356249,10.230417,0.1718,0
15.357083,10.230417,0.1718,0
15.358749,10.230417,1.6739,0
15.359583,10.230417,0.4209,0
15.360416,10.230417,2.9524,0
15.361249,10.230417,2.8002,0
15.362083,10.230417,4.4805,0
15.362916,10.230417,8.6946,0
15.363749,10.230417,8.2769,0.0869
15.364583,10.230417,6.7543,0.3077
15.365416,10.230417,0.2006,0.9802
15.322083,10.229584,7.2795,0
15.322916,10.229584,7.5914,0
15.323749,10.229584,6.3314,0
15.324583,10.229584,2.4493,0
15.325416,10.229584,0.6476,0
15.326249,10.229584,1.6077,0
15.327083,10.229584,4.5771,0
15.327916,10.229584,4.83,0
15.328749,10.229584,5.6323,0
15.329583,10.229584,6.5874,0
15.330416,10.229584,3.6503,0
15.331249,10.229584,0.2362,0
15.356249,10.229584,0.3599,0
15.357083,10.229584,0.6695,0
15.357916,10.229584,0.0837,0
15.358749,10.229584,4.3618,0
15.359583,10.229584,1.0962,0
15.360416,10.229584,5.4717,0
15.361249,10.229584,5.4393,0
15.362083,10.229584,7.2974,0
15.362916,10.229584,7.9012,0
15.363749,10.229584,8.1586,0
15.364583,10.229584,3.6107,0
15.365416,10.229584,0.1574,0.1727
15.322083,10.22875,3.0771,0
15.322916,10.22875,4.4283,0
15.323749,10.22875,4.3705,0
15.324583,10.22875,1.7865,0
15.325416,10.22875,1.3242,0
15.326249,10.22875,4.1773,0
15.327083,10.22875,7.082,0
15.327916,10.22875,7.0794,0
15.328749,10.22875,7.0987,0
15.329583,10.22875,9.6766,0
15.330416,10.22875,5.601,0
15.331249,10.22875,0.3163,0
15.356249,10.22875,0.1853,0
15.357083,10.22875,0.4185,0
15.359583,10.22875,0.6695,0
15.360416,10.22875,3.8742,0
15.361249,10.22875,3.4724,0
15.362083,10.22875,4.8672,0
15.362916,10.22875,6.267,0
15.363749,10.22875,3.3404,0
15.364583,10.22875,6.7239,0
15.366249,10.22875,0.0837,0.524
15.322083,10.227917,0.7129,0
15.322916,10.227917,0.5132,0
15.323749,10.227917,0.2732,0
15.324583,10.227917,0.8166,0
15.325416,10.227917,2.3188,0
15.326249,10.227917,6.0289,0
15.327083,10.227917,7.4295,0
15.327916,10.227917,7.1812,0
15.328749,10.227917,7.1833,0
15.329583,10.227917,7.9867,0
15.330416,10.227917,5.0127,0
15.331249,10.227917,0.4622,0
15.334583,10.227917,0.1674,0
15.335416,10.227917,0.6695,0
15.336249,10.227917,1.4259,0
15.337083,10.227917,0.932,0
15.359583,10.227917,0.3436,0
15.360416,10.227917,2.176,0
15.361249,10.227917,1.7576,0
15.362916,10.227917,0.0923,0
15.363749,10.227917,0.0995,0
15.364583,10.227917,0.6695,0
15.365416,10.227917,2.0086,0
15.366249,10.227917,3.344,0.0649
15.367083,10.227917,3.102,0.4813
15.322083,10.227084,1.0693,0
15.322916,10.227084,0.6676,0
15.323749,10.227084,0.8337,0
15.324583,10.227084,2.1305,0
15.325416,10.227084,3.7015,0
15.326249,10.227084,6.9537,0
15.327083,10.227084,7.6342,0
15.327916,10.227084,7.2385,0
15.328749,10.227084,6.8084,0
15.329583,10.227084,7.7544,0
15.330416,10.227084,4.0448,0
15.331249,10.227084,0.2473,0
15.332916,10.227084,1.6661,0
15.333749,10.227084,2.0876,0
15.334583,10.227084,3.168,0
15.335416,10.227084,4.9827,0
15.336249,10.227084,4.7026,0
15.337083,10.227084,1.7055,0
15.359583,10.227084,1.0142,0
15.360416,10.227084,3.8231,0
15.361249,10.227084,3.2039,0
15.362083,10.227084,1.4228,0
15.363749,10.227084,0.1718,0
15.364583,10.227084,1.7576,0
15.365416,10.227084,5.084,0
15.366249,10.227084,7.2354,0
15.367083,10.227084,6.7338,0.0656
15.322083,10.22625,3.3003,0
15.322916,10.22625,2.2151,0
15.323749,10.22625,2.5704,0
15.324583,10.22625,6.9149,0
15.325416,10.22625,8.2976,0
15.326249,10.22625,7.0597,0
15.327083,10.22625,6.9125,0
15.327916,10.22625,7.6681,0
15.328749,10.22625,7.9564,0
15.329583,10.22625,6.9235,0
15.330416,10.22625,3.4988,0
15.331249,10.22625,0.3319,0
15.332916,10.22625,3.5802,0
15.333749,10.22625,4.6441,0
15.334583,10.22625,7.1314,0
15.335416,10.22625,8.6994,0
15.336249,10.22625,7.0304,0
15.337083,10.22625,1.0958,0
15.344583,10.22625,1.4228,0
15.359583,10.22625,0.468,0
15.360416,10.22625,2.3434,0
15.361249,10.22625,1.7579,0
15.363749,10.22625,0.2101,0
15.364583,10.22625,2.485,0
15.365416,10.22625,7.097,0
15.366249,10.22625,7.8622,0
15.367083,10.22625,7.5645,0
15.322083,10.225417,5.2725,0
15.322916,10.225417,3.8544,0
15.323749,10.225417,6.8741,0
15.324583,10.225417,10.3744,0
15.325416,10.225417,10.1596,0
15.326249,10.225417,6.6306,0
15.327083,10.225417,1.7812,0
15.327916,10.225417,7.8404,0
15.328749,10.225417,12.7373,0
15.329583,10.225417,5.1657,0
15.330416,10.225417,2.176,0
15.331249,10.225417,0.6528,0
15.332916,10.225417,2.4859,0
15.333749,10.225417,4.7935,0
15.334583,10.225417,8.2917,0
15.335416,10.225417,12.3663,0
15.336249,10.225417,8.1885,0
15.337083,10.225417,1.3348,0
15.337916,10.225417,0.2421,0
15.338749,10.225417,0.1193,0
15.363749,10.225417,0.2644,0
15.364583,10.225417,2.1223,0
15.365416,10.225417,6.1679,0
15.366249,10.225417,7.8599,0
15.367083,10.225417,7.6839,0
15.322083,10.224584,5.3935,0
15.322916,10.224584,2.711,0
15.323749,10.224584,6.5561,0
15.324583,10.224584,8.4263,0
15.325416,10.224584,6.7675,0
15.326249,10.224584,3.7095,0
15.327083,10.224584,0.9984,0
15.327916,10.224584,5.2587,0
15.328749,10.224584,5.5202,0
15.329583,10.224584,2.9606,0
15.330416,10.224584,1.6936,0
15.331249,10.224584,1.4774,0
15.332083,10.224584,2.3926,0
15.332916,10.224584,2.3652,0
15.333749,10.224584,5.4406,0
15.334583,10.224584,10.6731,0
15.335416,10.224584,14.5163,0
15.336249,10.224584,12.0533,0
15.337083,10.224584,6.2948,0
15.337916,10.224584,2.4364,0
15.338749,10.224584,0.13,0
15.363749,10.224584,0.2073,0
15.364583,10.224584,1.4716,0
15.365416,10.224584,3.8266,0
15.366249,10.224584,6.3358,0
15.367083,10.224584,7.1985,0
15.322083,10.22375,6.5916,0
15.322916,10.22375,5.7403,0
15.323749,10.22375,4.8835,0
15.324583,10.22375,5.7861,0
15.325416,10.22375,3.3823,0
15.326249,10.22375,0.7171,0
15.328749,10.22375,0.0756,0
15.329583,10.22375,0.5507,0
15.330416,10.22375,4.1007,0
15.331249,10.22375,6.9693,0
15.332083,10.22375,7.3388,0
15.332916,10.22375,5.7867,0
15.333749,10.22375,5.4863,0
15.334583,10.22375,8.8421,0
15.335416,10.22375,17.0944,0
15.336249,10.22375,14.3941,0
15.337083,10.22375,7.3742,0
15.337916,10.22375,4.2184,0
15.338749,10.22375,0.0895,0
15.347916,10.22375,0.1674,0
15.348749,10.22375,0.1874,0
15.358749,10.22375,0.198,0
15.359583,10.22375,0.2521,0
15.360416,10.22375,0.1985,0
15.363749,10.22375,0.1881,0
15.364583,10.22375,1.9758,0
15.365416,10.22375,4.9641,0
15.366249,10.22375,4.4938,0
15.367083,10.22375,5.263,0
15.322083,10.222917,6.8009,0
15.322916,10.222917,6.3797,0
15.323749,10.222917,1.3734,0
15.324583,10.222917,0.7095,0
15.325416,10.222917,1.0206,0
15.326249,10.222917,0.4946,0
15.327083,10.222917,0.1508,0
15.329583,10.222917,0.234,0
15.330416,10.222917,5.0661,0
15.331249,10.222917,7.2917,0
15.332083,10.222917,7.3702,0
15.332916,10.222917,5.8873,0
15.333749,10.222917,3.5388,0
15.334583,10.222917,6.9195,0
15.335416,10.222917,12.371,0
15.336249,10.222917,9.0269,0
15.337083,10.222917,6.8729,0
15.337916,10.222917,3.4139,0
15.344583,10.222917,0.3626,0
15.345416,10.222917,0.6459,0
15.346249,10.222917,0.4534,0
15.347916,10.222917,3.1017,0
15.348749,10.222917,3.3756,0
15.349583,10.222917,1.0138,0
15.356249,10.222917,0.1493,0
15.357083,10.222917,0.5323,0
15.357916,10.222917,0.6213,0
15.358749,10.222917,4.4032,0
15.359583,10.222917,5.9946,0
15.360416,10.222917,3.7782,0
15.361249,10.222917,0.1235,0
15.363749,10.222917,0.1674,0
15.364583,10.222917,2.2772,0
15.365416,10.222917,5.1233,0
15.366249,10.222917,4.9864,0
15.367083,10.222917,4.7445,0
