variable,maille,methode,classe,borne_inf,borne_sup
tx_eau_amelioree,region,quantile,1,45.424757881056365,70.9052819870944
tx_eau_amelioree,region,quantile,2,70.9052819870944,78.7232475267222
tx_eau_amelioree,region,quantile,3,78.7232475267222,84.53531236156797
tx_eau_amelioree,region,quantile,4,84.53531236156797,94.2374305970151
tx_eau_amelioree,region,quantile,5,94.2374305970151,98.86130037506575
tx_eau_amelioree,region,egal,1,45.424757881056365,56.11206637985824
tx_eau_amelioree,region,egal,2,56.11206637985824,66.79937487866012
tx_eau_amelioree,region,egal,3,66.79937487866012,77.486683377462
tx_eau_amelioree,region,egal,4,77.486683377462,88.17399187626387
tx_eau_amelioree,region,egal,5,88.17399187626387,98.86130037506575
tx_eau_amelioree,region,jenks,1,45.424757881056365,45.424757881056365
tx_eau_amelioree,region,jenks,2,45.424757881056365,69.4982692962138
tx_eau_amelioree,region,jenks,3,69.4982692962138,76.6929685343391
tx_eau_amelioree,region,jenks,4,76.6929685343391,85.46289793044447
tx_eau_amelioree,region,jenks,5,85.46289793044447,98.86130037506575
tx_eau_amelioree,region,ecart_type,1,41.61750020452128,49.275338122425524
tx_eau_amelioree,region,ecart_type,2,49.275338122425524,56.93317604032977
tx_eau_amelioree,region,ecart_type,3,56.93317604032977,64.59101395823402
tx_eau_amelioree,region,ecart_type,4,64.59101395823402,72.24885187613826
tx_eau_amelioree,region,ecart_type,5,72.24885187613826,79.9066897940425
tx_eau_amelioree,region,ecart_type,6,79.9066897940425,87.56452771194675
tx_eau_amelioree,region,ecart_type,7,87.56452771194675,95.222365629851
tx_eau_amelioree,region,ecart_type,8,95.222365629851,102.88020354775524
tx_pauvrete,region,quantile,1,7.496895227914394,12.110652915299518
tx_pauvrete,region,quantile,2,12.110652915299518,23.946466717956596
tx_pauvrete,region,quantile,3,23.946466717956596,42.64921836367397
tx_pauvrete,region,quantile,4,42.64921836367397,57.472059773204776
tx_pauvrete,region,quantile,5,57.472059773204776,75.52090450995446
tx_pauvrete,region,egal,1,7.496895227914394,21.101697084322407
tx_pauvrete,region,egal,2,21.101697084322407,34.70649894073042
tx_pauvrete,region,egal,3,34.70649894073042,48.31130079713843
tx_pauvrete,region,egal,4,48.31130079713843,61.916102653546446
tx_pauvrete,region,egal,5,61.916102653546446,75.52090450995446
tx_pauvrete,region,jenks,1,7.496895227914394,10.45482649547798
tx_pauvrete,region,jenks,2,10.45482649547798,20.683886131243014
tx_pauvrete,region,jenks,3,20.683886131243014,28.915496828107845
tx_pauvrete,region,jenks,4,28.915496828107845,63.68887377684117
tx_pauvrete,region,jenks,5,63.68887377684117,75.52090450995446
tx_pauvrete,region,ecart_type,1,-0.1647230968497695,11.787641353443501
tx_pauvrete,region,ecart_type,2,11.787641353443501,23.74000580373677
tx_pauvrete,region,ecart_type,3,23.74000580373677,35.692370254030045
tx_pauvrete,region,ecart_type,4,35.692370254030045,47.64473470432332
tx_pauvrete,region,ecart_type,5,47.64473470432332,59.597099154616586
tx_pauvrete,region,ecart_type,6,59.597099154616586,71.54946360490986
tx_pauvrete,region,ecart_type,7,71.54946360490986,83.50182805520313
densite,departement,quantile,1,5.103496661686825,19.7704193596414
densite,departement,quantile,2,19.7704193596414,34.3782058237155
densite,departement,quantile,3,34.3782058237155,118.60088528701695
densite,departement,quantile,4,118.60088528701695,204.68592757689186
densite,departement,quantile,5,204.68592757689186,8004.168184391094
densite,departement,egal,1,5.103496661686825,1604.9164342075683
densite,departement,egal,2,1604.9164342075683,3204.7293717534494
densite,departement,egal,3,3204.7293717534494,4804.5423092993315
densite,departement,egal,4,4804.5423092993315,6404.355246845213
densite,departement,egal,5,6404.355246845213,8004.168184391094
densite,departement,jenks,1,5.103496661686825,179.2246870313796
densite,departement,jenks,2,179.2246870313796,537.2467851025544
densite,departement,jenks,3,537.2467851025544,1016.7050964930959
densite,departement,jenks,4,1016.7050964930959,4002.2642958612023
densite,departement,jenks,5,4002.2642958612023,8004.168184391094
densite,departement,ecart_type,1,-827.4455709468407,329.6768875827732
densite,departement,ecart_type,2,329.6768875827732,1486.799346112387
densite,departement,ecart_type,3,1486.799346112387,2643.921804642001
densite,departement,ecart_type,4,2643.921804642001,3801.0442631716146
densite,departement,ecart_type,5,3801.0442631716146,4958.166721701228
densite,departement,ecart_type,6,4958.166721701228,6115.289180230842
densite,departement,ecart_type,7,6115.289180230842,7272.411638760455
densite,departement,ecart_type,8,7272.411638760455,8429.53409729007
pop_total,departement,quantile,1,58876.22,150595.87600000002
pop_total,departement,quantile,2,150595.87600000002,231568.09
pop_total,departement,quantile,3,231568.09,380624.248
pop_total,departement,quantile,4,380624.248,706947.9500000001
pop_total,departement,quantile,5,706947.9500000001,3490684.59
pop_total,departement,egal,1,58876.22,745237.8939999999
pop_total,departement,egal,2,745237.8939999999,1431599.5679999997
pop_total,departement,egal,3,1431599.5679999997,2117961.2419999996
pop_total,departement,egal,4,2117961.2419999996,2804322.9159999997
pop_total,departement,egal,5,2804322.9159999997,3490684.59
pop_total,departement,jenks,1,58876.22,455420.68
pop_total,departement,jenks,2,455420.68,945752.58
pop_total,departement,jenks,3,945752.58,1675066.64
pop_total,departement,jenks,4,1675066.64,2541508.11
pop_total,departement,jenks,5,2541508.11,3490684.59
pop_total,departement,ecart_type,1,-97433.46031500574,494198.0501724138
pop_total,departement,ecart_type,2,494198.0501724138,1085829.5606598333
pop_total,departement,ecart_type,3,1085829.5606598333,1677461.0711472528
pop_total,departement,ecart_type,4,1677461.0711472528,2269092.5816346724
pop_total,departement,ecart_type,5,2269092.5816346724,2860724.092122092
pop_total,departement,ecart_type,6,2860724.092122092,3452355.6026095115
pop_total,departement,ecart_type,7,3452355.6026095115,4043987.113096931
tx_eau_amelioree,district,quantile,1,0,51.146934419983026
tx_eau_amelioree,district,quantile,2,51.146934419983026,67.75127935340257
tx_eau_amelioree,district,quantile,3,67.75127935340257,86.32378648583114
tx_eau_amelioree,district,quantile,4,86.32378648583114,97.38411837507047
tx_eau_amelioree,district,quantile,5,97.38411837507047,100.00000000000001
tx_eau_amelioree,district,egal,1,0,20.000000000000004
tx_eau_amelioree,district,egal,2,20.000000000000004,40.00000000000001
tx_eau_amelioree,district,egal,3,40.00000000000001,60.000000000000014
tx_eau_amelioree,district,egal,4,60.000000000000014,80.00000000000001
tx_eau_amelioree,district,egal,5,80.00000000000001,100.00000000000001
tx_eau_amelioree,district,jenks,1,0,19.23076923076923
tx_eau_amelioree,district,jenks,2,19.23076923076923,51.209308748166976
tx_eau_amelioree,district,jenks,3,51.209308748166976,72.01625352414122
tx_eau_amelioree,district,jenks,4,72.01625352414122,89.94831283464413
tx_eau_amelioree,district,jenks,5,89.94831283464413,100.00000000000001
tx_eau_amelioree,district,ecart_type,1,-8.206560501745173,18.495385741210953
tx_eau_amelioree,district,ecart_type,2,18.495385741210953,45.19733198416708
tx_eau_amelioree,district,ecart_type,3,45.19733198416708,71.8992782271232
tx_eau_amelioree,district,ecart_type,4,71.8992782271232,98.60122447007933
tx_eau_amelioree,district,ecart_type,5,98.60122447007933,125.30317071303546
