dhsclust,region_eds,milieu,lon,lat,n_menages,poids_total,tx_eau_amelioree,tx_electricite,taille_moy
1,EXTREME-NORD,U,14.607247,10.748742,28,28.084979999999998,99.99999999999999,53.57142857142857,4.892857142857143
2,EST,R,13.282114,3.896324,28,12.850404,35.714285714285715,0,6.178571428571429
3,CENTRE,U,11.379685,4.554889,28,24.478412000000002,96.42857142857143,85.71428571428571,8.785714285714285
5,YAOUNDE,U,11.547974,3.860075,28,21.024639999999998,100,100,3.892857142857143
7,ADAMAOUA,R,13.187004,6.520462,24,6.956208,20.833333333333332,0,6.458333333333332
8,NORD-OUEST,U,10.149462,5.940608,25,25.318825,100,96,2.88
10,EXTREME-NORD,R,13.805082,10.772808,28,8.829968000000001,50,14.285714285714285,5.071428571428572
11,LITTORAL,U,10.092532,3.801051,28,18.677176,89.28571428571429,100,6
12,DOUALA,U,9.73572,4.093956,26,29.549416,100,100,3.8846153846153846
13,SUD,U,11.155678,2.91139,28,9.210123999999999,100,96.42857142857143,4.214285714285714
14,EXTREME-NORD,R,13.560029,10.61429,25,24.658025,80,4,8.64
15,SUD,R,12.270948,3.163996,28,20.95618,89.28571428571428,96.42857142857143,8.142857142857142
17,DOUALA,U,9.755721,4.105737,28,47.159672,100,100,4.821428571428571
18,EXTREME-NORD,U,15.054558,12.058918,28,37.525292,100,78.57142857142858,5.7857142857142865
19,SUD,R,9.985541,2.848274,28,10.360392000000001,100,100,3.4642857142857135
20,CENTRE,U,11.513008,3.525336,27,30.958011,99.99999999999999,99.99999999999999,5.407407407407407
21,OUEST,R,10.189361,5.579095,28,24.997084,28.57142857142857,53.57142857142857,5.5357142857142865
22,SUD-OUEST,U,9.444195,4.622384,26,20.901348,100,100,4.769230769230769
24,SUD-OUEST,U,9.435357,4.634657,24,17.911296,100,100,3.6666666666666665
26,CENTRE,R,11.603266,3.811606,28,74.725336,85.71428571428571,96.42857142857143,5.678571428571429
27,EST,R,14.36526,4.981892,28,17.017812,42.857142857142854,17.857142857142854,5.357142857142857
28,EST,U,13.686116,4.559971,28,22.48778,96.42857142857143,92.85714285714286,5.749999999999999
29,NORD-OUEST,U,10.650983,6.083634,28,18.057788,100,85.71428571428571,3.892857142857143
30,NORD-OUEST,R,11.177667,6.477943,26,60.830354,19.23076923076923,23.076923076923077,5.307692307692308
31,YAOUNDE,U,11.551993,3.835144,28,34.428268,96.42857142857142,96.42857142857142,4.857142857142857
32,DOUALA,U,9.809283,4.076391,28,52.061464,99.99999999999999,99.99999999999999,4.9642857142857135
33,CENTRE,R,12.013033,3.98103,28,12.8611,42.857142857142854,0,4.25
34,ADAMAOUA,R,11.742845,6.734582,27,15.322769999999998,29.62962962962963,0,7.074074074074074
35,EXTREME-NORD,R,13.99916,10.504882,28,53.626467999999996,60.714285714285715,0,5.428571428571429
37,ADAMAOUA,R,13.899092,6.44937,28,9.78796,89.28571428571429,3.5714285714285716,4.642857142857142
38,NORD-OUEST,R,10.432144,5.902825,28,75.38468,78.57142857142857,53.57142857142857,4.928571428571428
40,CENTRE,R,11.044174,4.537451,28,27.284264,28.57142857142857,17.857142857142858,6.821428571428571
41,CENTRE,R,11.685174,4.732893,28,68.253556,57.14285714285714,10.714285714285714,8.285714285714285
43,NORD-OUEST,R,10.574478,6.1474780000000004,28,38.90614,100,74.99999999999999,4.75
44,EXTREME-NORD,U,14.312358,10.635626,27,46.68327,100,70.37037037037037,3.4444444444444446
45,ADAMAOUA,R,11.295456,6.481658,26,14.726894,65.38461538461539,34.61538461538461,5.4230769230769225
46,NORD,R,13.775338,9.794025,28,25.140332,39.285714285714285,0,7.607142857142858
47,OUEST,R,10.37522,5.183025,26,19.796842,100,100,5.538461538461538
48,EXTREME-NORD,R,14.37952,10.511903,27,21.316851,70.37037037037038,14.814814814814815,5.777777777777778
49,NORD,U,13.430497,9.345229,27,50.353164,96.2962962962963,81.48148148148147,5.481481481481481
50,DOUALA,U,9.731632,4.009312,27,36.454023,81.48148148148148,100,3.8888888888888893
51,YAOUNDE,U,11.569175,3.90023,28,52.065916,99.99999999999999,99.99999999999999,4.821428571428571
52,YAOUNDE,U,11.521972,3.861414,28,45.999996,100,100,3.2857142857142856
53,DOUALA,U,9.696958,4.032733,27,17.893089,96.2962962962963,100,4.481481481481482
54,DOUALA,U,9.656266,4.066906,28,31.993416,100,100,3.7857142857142856
55,CENTRE,R,11.414676,4.136299,28,22.205708,39.28571428571428,0,6.428571428571428
56,NORD,U,13.406751,9.316661,27,13.273227,100,100,4.703703703703703
58,YAOUNDE,U,11.5714,3.876842,28,54.036808,100,100,5.035714285714286
59,NORD,R,14.11199,8.694151,28,61.132876,14.285714285714286,10.714285714285714,5.571428571428572
60,SUD-OUEST,U,9.200917,4.030813,27,21.965229,92.59259259259258,100,3.444444444444444
61,EST,U,13.691008,4.558363,28,44.677668,100,100,5.5357142857142865
62,OUEST,R,10.137708,5.495849,26,16.616132,96.15384615384615,96.15384615384615,4.961538461538462
63,NORD-OUEST,U,10.166249,5.967571,26,15.359759999999998,100,96.15384615384616,3.9230769230769234
64,EST,R,16.066787,2.621281,28,15.274028000000001,67.85714285714285,100,6.499999999999999
65,YAOUNDE,U,11.510405,3.863223,28,30.210544,100,100,4.357142857142857
66,SUD-OUEST,U,9.213397,4.018115,27,37.562805000000004,100,100,4.2592592592592595
67,OUEST,U,10.880422,5.729717,28,30.77284,100,100,5.785714285714286
68,EXTREME-NORD,R,15.314019,10.269892,28,56.788788,50,0,5.428571428571429
69,LITTORAL,R,9.590052,4.387741,27,21.250890000000002,51.851851851851855,85.18518518518519,4.481481481481482
70,SUD-OUEST,U,9.445619,4.63092,26,14.655238,100,100,2.9615384615384612
71,OUEST,R,9.993681,5.424928,27,27.018549000000004,85.18518518518518,88.88888888888889,4.777777777777778
72,YAOUNDE,U,11.53483,3.907015,28,52.037272,92.85714285714286,96.42857142857142,6.5
73,ADAMAOUA,R,13.377281,7.217011,27,18.632673,22.22222222222222,0,6
74,ADAMAOUA,U,13.581633,7.342041,28,13.750436,82.14285714285714,100,5.321428571428571
75,OUEST,U,10.626994,5.506991,28,43.104964,100,92.85714285714285,6.642857142857143
77,SUD-OUEST,U,9.311226,4.081024,27,25.176258,100.00000000000001,96.29629629629629,3.555555555555556
78,OUEST,R,10.19175,5.159678,28,30.671088,96.42857142857142,100,4.571428571428571
79,ADAMAOUA,R,14.116911,6.89861,28,13.875148,46.42857142857143,0,6.607142857142857
80,OUEST,R,11.109744,5.514035,28,45.943884,17.857142857142858,0,6.5
81,EXTREME-NORD,R,14.306798,12.370664,28,21.813512,100,0,5.92857142857143
82,YAOUNDE,U,11.495208,3.932079,28,52.697792,100,96.42857142857143,5.678571428571429
83,SUD,R,12.133115,2.849471,28,10.753708,78.57142857142857,50,7.142857142857142
84,NORD,R,14.007306,8.974587,28,32.452867999999995,14.285714285714286,21.42857142857143,6.321428571428572
85,ADAMAOUA,R,12.173967,6.821946,28,3.074092,85.71428571428571,0,4.571428571428571
86,EST,R,13.808248,4.066,28,9.268139999999999,7.142857142857143,0,6.142857142857143
87,EXTREME-NORD,R,14.137739,10.773269,28,26.33442,57.14285714285714,0,5.5
88,EXTREME-NORD,R,14.456058,10.652,28,56.655480000000004,82.14285714285715,25,4.678571428571428
89,YAOUNDE,U,11.527326,3.875797,28,34.973904000000005,100,100,3.8214285714285716
90,CENTRE,R,12.980352,4.954135,28,24.98104,28.571428571428573,0,5.392857142857142
91,LITTORAL,U,10.108286,3.809854,27,9.367542,100,100,3.8518518518518516
92,OUEST,U,10.0137,5.160928,28,17.768072,100,100,5.285714285714286
93,SUD,R,12.364209,3.438211,28,12.988555999999999,64.28571428571429,0,6.392857142857142
94,EST,U,13.288619,4.90973,28,20.004516000000002,96.42857142857143,82.14285714285714,7.75
95,YAOUNDE,U,11.554256,3.858902,28,27.699504,96.42857142857143,92.85714285714285,4.892857142857143
96,EXTREME-NORD,U,14.461078,12.576924,28,44.648156,100,0,5.892857142857143
97,SUD,R,11.39137,2.989591,28,11.22898,64.28571428571428,71.42857142857142,7.035714285714286
98,DOUALA,U,9.677475,4.070072,27,23.86368,100,92.5925925925926,4.7407407407407405
99,DOUALA,U,9.756071,4.021958,28,64.52034400000001,100,100,4.642857142857142
100,OUEST,R,10.258331,5.2395,28,18.112807999999998,75,71.42857142857143,4.607142857142857
101,CENTRE,R,10.834808,3.891966,27,23.700762,92.59259259259258,88.88888888888887,3.185185185185185
102,OUEST,R,10.799964,5.453997,28,45.294171999999996,7.142857142857142,0,5.7142857142857135
103,EXTREME-NORD,R,15.06912,10.838436,1,0.181747,0,0,2
105,NORD,R,14.87108,7.843986,28,47.86782,53.57142857142857,3.5714285714285716,6.285714285714286
106,CENTRE,R,10.72858,4.046224,28,12.338424,89.28571428571429,67.85714285714286,4.964285714285714
107,YAOUNDE,U,11.573443,3.866784,28,11.552464,100,100,4.392857142857143
108,OUEST,R,10.863373,5.623979,28,31.788204000000004,46.42857142857142,0,6.535714285714286
109,LITTORAL,U,9.950313,4.950831,28,10.653888,99.99999999999999,99.99999999999999,5.25
110,DOUALA,U,9.700957,4.027739,27,27.084969,100,96.29629629629628,3.4814814814814814
112,SUD,R,11.087841,2.89871,28,14.588587999999998,46.42857142857143,100,7.2857142857142865
113,CENTRE,R,11.97156,3.541589,28,24.968580000000003,21.428571428571427,50,6.678571428571428
114,OUEST,R,10.282935,5.493714,26,22.400014000000002,84.61538461538461,84.61538461538461,3.8076923076923075
115,EXTREME-NORD,R,14.312438,10.368687,28,24.78952,82.14285714285714,0,4.678571428571429
116,NORD-OUEST,U,10.857805,6.187259,26,19.140082,96.15384615384615,73.07692307692307,3.7692307692307687
117,EST,U,13.67567,4.568186,28,17.811696,96.42857142857143,100,4.714285714285714
118,NORD,R,13.78377,9.223458,28,40.084072,32.14285714285714,35.71428571428571,7.071428571428571
119,EST,R,15.13599,2.028929,28,15.563996000000001,14.285714285714285,3.571428571428571,7.071428571428572
120,LITTORAL,U,9.856234,5.087755,28,12.655776,28.57142857142857,85.71428571428572,6.678571428571429
121,DOUALA,U,9.667228,4.095782,27,49.213683,100,100,3.6296296296296293
122,NORD,U,13.944999,9.920982,27,23.944923,96.2962962962963,88.8888888888889,4.518518518518518
123,ADAMAOUA,R,13.855296,7.507565,28,32.928756,50,0,4.75
125,DOUALA,U,9.679091,4.078127,27,33.351669,100,92.59259259259258,3.6296296296296293
126,DOUALA,U,9.762969,3.973698,25,37.545725000000004,100,100,4.8
127,YAOUNDE,U,11.498884,3.894334,28,13.932687999999999,100,100,4.357142857142858
128,NORD,R,14.023692,9.936658,27,38.353527,0,44.44444444444445,6.481481481481481
129,NORD-OUEST,U,10.722468,6.585718,26,18.756712,100,0,5.115384615384616
130,EXTREME-NORD,R,14.068868,11.090558,28,75.740784,67.85714285714286,0,4.249999999999999
132,SUD,U,11.27011,2.393872,28,8.238468000000001,92.85714285714286,100,5.2142857142857135
133,YAOUNDE,U,11.471389,3.822567,23,40.835948,100,100,4
134,NORD,R,13.876901,9.820205,27,39.259053,14.814814814814817,25.925925925925927,6.333333333333333
135,EXTREME-NORD,R,13.865085,10.793888,28,12.67,3.5714285714285716,0,6.071428571428571
136,EXTREME-NORD,U,14.028217,11.169955,28,27.8572,92.85714285714285,3.571428571428571,7.071428571428572
137,EXTREME-NORD,R,14.828123,10.247075,28,43.793932,64.28571428571429,0,5.178571428571428
138,SUD-OUEST,U,9.256931,4.158475,26,9.656789999999999,100,100,3.730769230769231
140,CENTRE,R,12.475313,4.327967,28,24.706836000000003,0,0,7.1428571428571415
141,EXTREME-NORD,R,14.078265,11.156257,28,20.920228,78.57142857142857,0,7.392857142857142
143,NORD,U,13.518951,9.020506,28,21.741384,85.71428571428571,53.57142857142856,7.107142857142858
144,NORD-OUEST,U,10.539598,6.589667,28,22.570324,89.28571428571429,0,4.071428571428571
145,LITTORAL,R,9.961853,4.958219,28,7.721084000000001,92.85714285714285,96.42857142857142,4.035714285714286
146,DOUALA,U,9.734015,4.049476,28,20.006616,100,100,4.071428571428571
147,NORD-OUEST,R,10.471114,6.000152,25,23.508599999999998,60.00000000000001,56.00000000000001,5.040000000000001
149,YAOUNDE,U,11.543091,3.872237,28,15.560272,96.42857142857143,100,3.928571428571429
150,EST,R,14.590552,4.671398,28,18.872392,96.42857142857143,0,4.9642857142857135
151,OUEST,U,10.53356,5.121192,28,37.892148,100,100,4.75
152,CENTRE,U,12.390692,4.661591,28,23.341528,96.42857142857143,96.42857142857143,6.999999999999999
153,DOUALA,U,9.715061,4.044455,22,20.779616,100,95.45454545454544,4.136363636363637
155,CENTRE,U,11.878807,4.09988,26,16.066414,92.30769230769229,23.076923076923073,4.153846153846154
156,DOUALA,U,9.657809,4.077046,26,51.502412,100.00000000000001,100.00000000000001,4.038461538461538
157,NORD,R,14.167312,9.908817,28,28.316652,53.57142857142856,0,6.249999999999999
158,ADAMAOUA,U,13.601149,7.296652,27,30.187971,74.07407407407408,77.77777777777779,5.296296296296297
159,EST,U,14.555931,5.898702,28,32.047568,82.14285714285714,78.57142857142857,4.964285714285714
160,OUEST,U,10.411603,5.490856,28,14.541744000000001,100,100,3.642857142857143
161,SUD,U,9.901703,2.928655,28,15.743196000000001,100,100,3.4999999999999996
162,CENTRE,U,11.266164,4.364153,28,28.408883999999997,71.42857142857143,78.57142857142857,4.464285714285714
163,YAOUNDE,U,11.498376,3.864014,28,7.658391999999999,100,100,1.6428571428571428
164,NORD,R,12.913197,8.923251,28,43.885324000000004,3.5714285714285716,0,6.928571428571429
165,LITTORAL,U,9.64448,4.175107,28,14.5495,100,96.42857142857143,4.464285714285714
166,NORD,R,13.755898,8.994368,26,96.169008,26.923076923076923,0,8.615384615384615
167,DOUALA,U,9.745479,4.0765,28,69.135948,100,100,3.7500000000000004
168,ADAMAOUA,U,12.661943,7.371614,28,12.174568,82.14285714285714,96.42857142857143,5.714285714285714
169,EXTREME-NORD,U,14.441903,10.122273,28,28.506548000000002,96.42857142857143,85.71428571428571,3.035714285714286
170,ADAMAOUA,R,14.241201,6.602356,27,24.377760000000002,48.14814814814814,37.03703703703703,5.962962962962963
171,ADAMAOUA,R,14.049473,6.211322,25,34.0081,12,0,5.24
172,DOUALA,U,9.752529,4.002358,28,35.098392000000004,100,92.85714285714285,3.749999999999999
174,YAOUNDE,U,11.500002,3.855104,26,18.619042,96.15384615384615,100,3.8461538461538463
175,OUEST,R,10.372335,5.523277,28,39.291336,75,28.57142857142857,6.214285714285714
176,NORD,U,13.396392,9.358203,26,34.520174,100,61.53846153846155,6.615384615384616
177,ADAMAOUA,U,14.444242,7.047037,27,16.137764999999998,70.37037037037038,59.25925925925927,4.592592592592593
178,YAOUNDE,U,11.487964,3.826691,26,28.346083999999998,100,100,3.115384615384616
179,YAOUNDE,U,11.514344,3.933296,28,48.500676,100.00000000000001,100.00000000000001,5.357142857142857
180,LITTORAL,R,9.873705,3.811437,25,9.033724999999999,96,88.00000000000001,3.5600000000000005
181,EXTREME-NORD,R,14.19245,10.440494,27,46.473399,59.25925925925925,3.7037037037037033,5.148148148148148
182,NORD,U,13.865479,9.311517,28,18.872168,25,21.428571428571434,5.178571428571429
183,EST,R,13.650461,4.615053,28,22.601124,82.14285714285715,10.714285714285714,5.464285714285714
184,OUEST,R,10.510703,5.695101,28,26.263664000000002,71.42857142857143,71.42857142857143,7.071428571428571
185,OUEST,U,10.425636,5.487675,28,28.606172,100,100,4.571428571428571
186,SUD,R,10.892616,3.212389,28,13.912948,46.42857142857143,0,6.714285714285714
187,ADAMAOUA,U,14.292898,6.513643,28,47.899544,92.85714285714286,92.85714285714286,3.8214285714285716
188,DOUALA,U,9.729337,4.038161,26,31.722469999999998,96.15384615384615,100,3.730769230769231
189,SUD,U,9.93505,2.9577,26,37.718616,96.15384615384616,100,3.8076923076923075
190,EXTREME-NORD,U,14.333872,10.593659,27,46.7478,100,70.37037037037037,4.111111111111112
191,DOUALA,U,9.7155,4.060291,28,24.694768,100,100,4.178571428571429
192,YAOUNDE,U,11.515784,3.912175,27,28.012985999999998,100,100,5.000000000000001
193,ADAMAOUA,U,13.570785,7.304363,28,15.832180000000001,92.85714285714286,96.42857142857143,4.392857142857143
194,SUD,U,11.153523,2.924169,28,25.215652,96.42857142857144,96.42857142857144,5.642857142857143
195,OUEST,R,10.153263,5.102806,27,16.700148,77.77777777777779,96.29629629629629,4.777777777777778
196,YAOUNDE,U,11.530946,3.791208,28,46.228280000000005,96.42857142857143,100,4.357142857142857
197,YAOUNDE,U,11.544563,3.90454,27,28.311444,100,96.2962962962963,4.185185185185185
199,OUEST,R,10.798379,5.689031,28,48.780648,85.71428571428572,96.42857142857143,7.392857142857144
200,EST,R,14.404377,6.04925,26,21.917298,65.38461538461539,0,4.423076923076923
201,NORD,U,12.886105,9.051264,28,33.708388,92.85714285714285,3.571428571428571,6.749999999999999
202,DOUALA,U,9.762829,4.06244,27,21.066885,99.99999999999999,99.99999999999999,5.740740740740741
203,NORD,R,13.577346,8.521785,18,0.458028,61.111111111111114,11.11111111111111,6.222222222222222
204,LITTORAL,U,9.753882,4.721238,28,12.221468,100,100,4
205,NORD-OUEST,R,10.481198,6.224822,28,9.0153,82.14285714285715,75,4.821428571428571
206,EST,U,14.345481,4.444582,28,17.847004,96.42857142857143,75.00000000000001,4.25
208,NORD-OUEST,R,10.14991,5.88523,28,45.400208000000006,99.99999999999999,92.85714285714286,4.857142857142857
209,NORD,R,13.803418,9.592743,25,35.878975000000004,8,11.999999999999998,5.88
210,OUEST,R,10.008739,5.266663,27,40.217256,40.74074074074074,74.07407407407408,4.481481481481482
211,CENTRE,U,11.580446,3.980686,28,11.304888,96.42857142857143,92.85714285714286,1.8214285714285714
212,EXTREME-NORD,R,14.457951,10.802513,28,45.228904,82.14285714285715,0,5.142857142857143
213,YAOUNDE,U,11.492349,3.840818,27,25.603749,100.00000000000001,100.00000000000001,3.6296296296296293
214,YAOUNDE,U,11.493676,3.892234,28,45.277288,96.42857142857143,100,5.571428571428571
215,EXTREME-NORD,R,15.005342,11.228243,26,12.640524,100.00000000000001,0,5.384615384615384
216,NORD,R,13.645008,9.389191,28,47.995164,53.57142857142857,17.857142857142858,7.357142857142857
217,EXTREME-NORD,R,14.936906,12.008758,28,93.505244,100,0,5.428571428571428
218,SUD-OUEST,U,9.210987,4.008819,28,17.266227999999998,100,92.85714285714286,3.2857142857142856
219,EXTREME-NORD,R,14.567903,12.350074,28,82.609408,100,0,5.678571428571429
221,SUD,R,10.159126,2.683214,28,9.801791999999999,100,89.28571428571429,4.321428571428571
222,NORD-OUEST,U,10.186738,5.973862,24,33.466464,95.83333333333334,100,3.5833333333333335
223,CENTRE,U,12.253642,3.780221,28,21.594832,75.00000000000001,89.28571428571429,6.714285714285714
224,NORD-OUEST,R,10.81674,6.36364,28,32.279688,89.28571428571428,0,4.321428571428572
225,DOUALA,U,9.75748,4.048607,27,76.56908399999999,100,100,4.074074074074074
226,NORD-OUEST,U,10.146072,5.966482,28,34.564152,96.42857142857142,92.85714285714286,3.4285714285714284
227,OUEST,U,10.923544,5.729299,28,42.191604,64.28571428571429,96.42857142857142,8.428571428571429
228,EST,R,15.37573,3.482346,28,24.787112,28.571428571428573,0,8.535714285714285
229,CENTRE,U,11.59446,3.974691,28,15.386588000000001,75,100,2.0357142857142856
230,NORD,R,14.088293,9.528184,27,30.976613999999998,7.407407407407407,3.7037037037037037,6.333333333333333
231,EST,U,14.942563,4.039842,28,16.71124,53.57142857142856,0,6.428571428571429
232,DOUALA,U,9.755922,4.049518,27,28.939463999999997,100,100,4.518518518518518
233,YAOUNDE,U,11.501972,3.882801,26,19.33516,100,92.3076923076923,4.230769230769231
234,OUEST,U,10.067166,5.443401,28,31.70328,92.85714285714286,100,2.9642857142857144
235,CENTRE,R,11.270601,4.182978,27,21.908826,37.03703703703704,70.37037037037037,5.925925925925926
236,ADAMAOUA,U,13.592723,7.321591,26,6.41511,96.15384615384615,92.3076923076923,4.269230769230769
237,CENTRE,U,11.49984,3.495432,27,41.407497,96.29629629629629,100.00000000000001,3.518518518518519
238,LITTORAL,R,10.625104,3.868816,28,9.589776,67.85714285714286,60.71428571428571,3.107142857142857
239,YAOUNDE,U,11.529296,3.889382,28,32.883004,100,100,5.071428571428572
240,CENTRE,R,11.458611,3.231527,27,29.108727,62.96296296296297,3.7037037037037037,7.407407407407407
241,EST,R,13.797686,4.797348,28,29.060752,53.57142857142857,0,5.7857142857142865
242,NORD-OUEST,U,10.14224,5.968257,27,22.351788,99.99999999999999,92.5925925925926,3.4814814814814814
243,OUEST,U,10.400136,5.401531,28,22.79298,49.99999999999999,85.71428571428571,5.107142857142857
245,OUEST,R,10.31407,5.621171,28,27.280260000000002,92.85714285714285,85.71428571428571,5.714285714285714
246,DOUALA,U,9.74161,4.011315,28,35.175728,100,96.42857142857143,4.142857142857143
247,LITTORAL,U,10.146854,3.804359,28,15.33728,92.85714285714288,96.42857142857144,4.107142857142858
248,CENTRE,R,11.426389,4.544659,28,18.719204,42.857142857142854,78.57142857142857,8.428571428571429
249,CENTRE,R,11.305489,4.648186,28,22.986964,57.14285714285714,3.571428571428571,10.75
250,DOUALA,U,9.734137,4.058066,26,29.817242,100,100,4.230769230769231
252,EXTREME-NORD,R,14.161125,10.886332,28,39.721444,82.14285714285714,0,6
253,ADAMAOUA,R,12.514955,7.327178,28,23.579136,57.14285714285714,0,4.25
254,NORD,U,13.512054,9.392016,28,23.713984,46.42857142857143,32.142857142857146,4.892857142857142
255,SUD,U,11.973429,2.930356,28,12.742632,92.85714285714286,100,5.928571428571428
256,NORD-OUEST,U,10.661245,6.228924,26,32.623447999999996,100,100,4.884615384615385
257,SUD,R,10.872576,2.57845,28,8.821819999999999,67.85714285714286,0,8.392857142857144
258,LITTORAL,U,10.130628,3.778154,28,15.96644,100,96.42857142857143,4.821428571428571
260,EST,U,14.370071,4.432267,28,16.39148,89.28571428571426,78.57142857142857,6.107142857142857
261,LITTORAL,R,9.707137,4.667212,28,14.869932,67.85714285714285,92.85714285714286,5.071428571428571
262,SUD,U,9.82266,2.375466,27,5.845527,100,100,3.740740740740741
263,SUD,U,11.989681,2.942071,28,29.291751999999995,100,100,5.714285714285714
264,SUD,R,11.35732,2.92118,28,10.21454,92.85714285714286,100,8.678571428571429
265,LITTORAL,U,9.832932,4.862767,28,18.199635999999998,92.85714285714286,100,4.464285714285714
266,NORD-OUEST,R,10.614926,6.910571,28,37.702672,17.857142857142858,0,4.964285714285714
267,EXTREME-NORD,R,14.929782,10.1799,27,39.190473000000004,51.85185185185185,0,4.962962962962963
268,OUEST,U,10.178126,5.152931,28,28.813176,100,100,4.25
269,ADAMAOUA,R,11.685156,6.989541,28,11.379676,0,0,4.892857142857142
270,DOUALA,U,9.726097,4.066957,28,21.930747999999998,100,100,4.464285714285714
271,EXTREME-NORD,R,13.606848,10.448001,25,55.154199999999996,40.00000000000001,0,5.239999999999999
272,YAOUNDE,U,11.495455,3.836988,27,12.92544,96.2962962962963,96.2962962962963,4.555555555555555
273,OUEST,U,10.398431,5.499329,28,25.9791,100,100,6.107142857142858
274,CENTRE,R,11.38921,3.68908,27,23.60421,92.5925925925926,55.55555555555555,4.148148148148148
275,LITTORAL,R,9.884909,4.709465,27,20.101634999999998,66.66666666666667,0,4.2592592592592595
276,ADAMAOUA,R,12.404241,7.796327,28,17.828132,64.28571428571429,0,4.464285714285714
277,EST,R,14.602434,4.300911,28,15.385103999999998,35.714285714285715,0,4.75
278,EXTREME-NORD,R,13.778282,10.329202,28,43.324876,57.142857142857146,0,8.999999999999998
279,CENTRE,R,11.282884,3.480306,26,21.701498,69.23076923076924,38.46153846153847,4.230769230769231
281,LITTORAL,R,9.601975,4.320179,28,16.828112,85.71428571428571,96.42857142857143,3.392857142857143
282,DOUALA,U,9.723274,4.031571,27,26.983125,96.29629629629629,96.29629629629629,4.333333333333333
283,DOUALA,U,9.727625,4.072673,28,29.96392,100,100,3.7500000000000004
284,EST,R,14.713289,4.211697,28,11.296768,53.57142857142857,3.571428571428571,4.321428571428571
286,ADAMAOUA,U,14.299793,6.528962,28,25.697364,85.71428571428572,74.99999999999999,4.071428571428571
287,EST,R,12.933707,4.038017,28,10.391696,78.57142857142858,7.142857142857143,4.607142857142858
288,NORD-OUEST,R,10.618784,6.457525,25,43.863475,68,0,4.04
289,EXTREME-NORD,U,14.238402,10.977955,27,39.281409,88.88888888888889,59.25925925925926,6.444444444444445
291,SUD,R,10.115193,2.788604,28,7.624428,100,85.71428571428572,4.892857142857143
292,DOUALA,U,9.732336,4.010717,28,32.387264,100,96.42857142857143,3.5714285714285707
293,YAOUNDE,U,11.530496,3.849152,26,18.306106,92.3076923076923,92.3076923076923,3.230769230769231
295,CENTRE,R,11.301899,3.962755,28,30.83654,7.142857142857143,3.5714285714285716,7.75
296,OUEST,U,10.259038,5.617627,28,34.398896,92.85714285714285,96.42857142857143,4.999999999999999
297,LITTORAL,R,9.873166,4.19443,27,11.489769,88.8888888888889,81.48148148148148,3.851851851851852
298,EST,R,13.809414,4.253892,28,22.319248,53.57142857142857,0,6.428571428571429
299,YAOUNDE,U,11.548529,3.882071,27,23.112054,96.29629629629629,99.99999999999999,5
300,DOUALA,U,9.759529,4.01623,28,110.905592,100,100,5.214285714285714
301,CENTRE,U,11.435175,4.359664,28,7.78512,100,85.71428571428571,5.321428571428571
302,NORD,R,12.990836,8.607985,28,30.15642,50,0,5.035714285714286
303,OUEST,R,10.432495,5.346212,28,10.795204,89.28571428571429,96.42857142857143,4.428571428571429
304,YAOUNDE,U,11.546012,3.855197,28,30.921156000000003,96.42857142857143,96.42857142857143,3.714285714285714
305,LITTORAL,R,9.9501830000000009,5.008645,28,12.616912,92.85714285714286,85.71428571428571,5.607142857142858
306,LITTORAL,U,9.667337,4.582974,28,28.339752000000004,96.42857142857142,100,3.9999999999999996
307,EST,R,13.590278,3.174113,28,16.903376,74.99999999999999,21.428571428571427,8.285714285714285
308,SUD-OUEST,U,9.442339,4.632113,28,13.848828000000001,100,96.42857142857143,3.964285714285714
309,OUEST,U,10.053363,5.444585,28,55.822844,92.85714285714285,100,5.928571428571429
311,YAOUNDE,U,11.520834,3.881976,28,18.179392,100,100,4.892857142857143
312,ADAMAOUA,U,11.80902,6.747287,28,12.82134,89.28571428571429,89.28571428571429,4.607142857142857
313,SUD,R,11.815514,3.280404,28,11.894232,96.42857142857143,92.85714285714286,6.321428571428572
314,DOUALA,U,9.742723,4.015192,28,33.656644,100,100,3.928571428571429
315,NORD,R,13.809349,9.360303,28,33.67809200000001,3.5714285714285707,0,7.428571428571428
316,NORD,R,13.391077,8.938917,27,21.011751,37.03703703703704,48.14814814814815,8.037037037037036
317,NORD,R,14.947589,8.218562,28,42.022344000000004,14.285714285714285,3.571428571428571,5.607142857142857
318,NORD,R,12.885085,9.017741,28,58.487632,7.142857142857143,0,7.285714285714286
319,DOUALA,U,9.72284,4.053673,26,20.10229,100,96.15384615384616,4.153846153846153
320,DOUALA,U,9.726621,4.037239,27,20.024415,100,100,3.4814814814814814
321,LITTORAL,R,10.803491,4.502325,28,7.160272,85.71428571428571,60.714285714285715,5.178571428571429
322,YAOUNDE,U,11.512097,3.895547,25,6.059725,100.00000000000001,100.00000000000001,3.32
323,EXTREME-NORD,R,13.59606,10.379939,28,56.753367999999995,42.857142857142854,0,7.678571428571429
324,EST,U,15.064297,3.510021,28,20.378764,78.57142857142857,89.28571428571429,4.785714285714286
325,LITTORAL,R,10.299678,4.79879,28,9.482284,82.14285714285714,3.571428571428571,3.892857142857143
326,YAOUNDE,U,11.47799,3.877896,28,17.24618,100,100,4.607142857142857
327,EST,R,13.921151,5.582779,20,32.1308,70,0,4.6
328,LITTORAL,R,10.569591,4.228225,24,5.885448,66.66666666666667,62.5,3.3749999999999996
329,EST,R,12.899311,4.26125,27,14.217497999999999,7.407407407407407,0,6.296296296296297
330,SUD-OUEST,U,9.361018,4.078074,28,18.367916,100,96.42857142857143,3.928571428571429
331,LITTORAL,U,9.566561,4.494996,28,8.848700000000001,100,100,4.821428571428571
332,NORD,U,14.161868,8.398613,27,26.524098,92.5925925925926,81.48148148148148,5.7407407407407405
333,EXTREME-NORD,U,15.231033,10.340473,27,22.220676,96.2962962962963,92.59259259259258,5.074074074074074
334,OUEST,R,10.359175,5.3922,28,15.673588,75,89.28571428571428,4.75
335,ADAMAOUA,U,13.58117,7.318232,28,17.72204,100,92.85714285714286,5.392857142857142
336,EST,R,13.50838,4.919116,28,23.118788000000002,35.714285714285715,0,6.2142857142857135
337,EXTREME-NORD,R,14.653674,10.544287,27,42.387138,77.77777777777777,0,5.518518518518518
338,SUD,R,13.331167,2.694187,28,12.928524,46.42857142857142,0,9.642857142857144
339,OUEST,R,10.391763,5.680722,28,10.147872000000001,3.571428571428571,3.571428571428571,6.107142857142857
341,CENTRE,R,11.827722,4.387989,28,34.888728,75,64.28571428571429,6.285714285714286
342,ADAMAOUA,R,13.593494,7.454839,28,16.964191999999997,92.85714285714288,78.57142857142858,6.357142857142858
343,DOUALA,U,9.733535,4.047001,27,19.330434,96.29629629629629,100,3.629629629629629
344,ADAMAOUA,R,13.845905,7.715861,28,27.584928,60.71428571428571,0,6.749999999999999
345,DOUALA,U,9.720956,4.039985,27,18.479582999999998,100,96.2962962962963,4.111111111111112
346,NORD-OUEST,R,10.792056,6.516144,27,33.044813999999995,92.59259259259261,44.44444444444445,4.555555555555556
347,LITTORAL,U,9.937456,4.950721,28,13.008968000000001,100,100,4.178571428571428
349,SUD,R,10.761209,3.066681,27,10.897011,22.222222222222225,0,5.7407407407407405
350,OUEST,R,10.139416,5.429109,27,27.177201000000004,77.77777777777777,88.8888888888889,3.6296296296296298
351,NORD,R,13.497935,10.008451,28,36.881292,71.42857142857142,57.14285714285714,5.75
352,NORD,U,13.392829,9.296988,27,18.722367,100,81.48148148148148,4.222222222222222
353,EST,U,13.185143,3.962432,28,12.737284,99.99999999999999,85.71428571428571,4.535714285714286
354,CENTRE,R,11.470295,4.335292,28,25.402188000000002,39.28571428571428,85.71428571428572,6.75
355,OUEST,R,10.16129,5.722741,28,20.730164,35.714285714285715,89.28571428571429,6
356,EXTREME-NORD,U,13.787166,10.739425,28,89.72443200000001,78.57142857142857,60.71428571428571,5.642857142857142
357,YAOUNDE,U,11.486374,3.890464,25,10.2549,96.00000000000001,100.00000000000001,4.960000000000001
358,ADAMAOUA,R,11.60123,6.299177,26,15.332746000000002,7.692307692307692,0,6.5
359,SUD,R,11.209018,2.197004,28,12.546576,78.57142857142857,3.571428571428571,8.142857142857142
360,NORD,U,13.943775,9.947233,28,17.231088,96.42857142857144,82.14285714285715,6.357142857142858
362,SUD-OUEST,U,9.239507,4.14225,26,24.582948,92.30769230769232,92.30769230769232,4.653846153846153
363,DOUALA,U,9.736103,4.102904,28,74.56607199999999,100,100,4.5357142857142865
364,OUEST,R,10.161076,5.558725,28,16.449832,89.28571428571428,92.85714285714285,5.285714285714286
365,NORD-OUEST,R,10.706792,6.563271,28,14.966111999999999,82.14285714285715,25,6.0357142857142865
366,NORD-OUEST,R,10.239334,6.062309,16,8.365616,93.75,68.75,4.25
367,OUEST,U,10.621836,5.660109,28,28.537628,96.42857142857142,96.42857142857142,6.321428571428572
368,EXTREME-NORD,U,14.350939,10.605103,27,5.858541000000001,92.59259259259258,81.48148148148148,4.148148148148148
369,SUD,R,11.005017,2.550868,28,11.94536,60.71428571428571,0,9.142857142857142
370,YAOUNDE,U,11.493558,3.794009,24,123.012384,100,100,4.750000000000001
371,ADAMAOUA,R,13.548874,7.4131,28,19.899572,92.85714285714286,100,1.607142857142857
372,NORD,R,13.580454,9.201263,27,22.998276,25.925925925925924,0,6.518518518518519
373,SUD-OUEST,U,9.2976,4.149554,28,44.021152,100,100,1.6428571428571428
374,CENTRE,R,11.484569,3.999876,27,25.955397,66.66666666666667,96.29629629629628,6.407407407407407
375,SUD,U,9.921687,2.950355,29,26.721788999999998,100,96.55172413793105,4.137931034482759
376,YAOUNDE,U,11.479136,3.834716,25,66.38605,96,100,5.04
377,NORD,R,14.103468,8.312573,28,25.33552,53.57142857142858,3.571428571428571,5.285714285714286
378,SUD,U,12.45047,3.445709,28,12.804511999999999,60.714285714285715,92.85714285714286,6.357142857142857
379,DOUALA,U,9.700058,4.038563,26,13.262002,92.3076923076923,100,5.192307692307692
380,OUEST,U,10.414051,5.465911,28,28.193199999999997,100,89.28571428571429,5.678571428571429
381,OUEST,U,11.159202,5.714939,28,52.869712,71.42857142857143,75,7.821428571428572
382,YAOUNDE,U,11.489328,3.857582,28,21.902103999999998,100.00000000000001,96.42857142857143,3.9642857142857144
383,NORD-OUEST,U,10.71759,6.237142,28,26.556264,92.85714285714286,96.42857142857143,4.464285714285714
384,LITTORAL,U,9.957574,5.053657,28,64.536696,96.42857142857143,67.85714285714286,5.357142857142857
385,CENTRE,U,10.797894,4.885646,28,20.862912,92.85714285714285,82.14285714285712,5.999999999999999
386,ADAMAOUA,U,11.549603,6.502415,26,13.940549999999998,61.53846153846154,53.84615384615385,8.23076923076923
387,CENTRE,U,10.784375,3.635149,27,25.472961,100,100,4.296296296296297
388,EXTREME-NORD,R,15.026021,10.023208,28,22.834504,96.42857142857143,0,5.571428571428571
389,YAOUNDE,U,11.547134,3.831367,25,15.4151,100,100,4.92
390,EXTREME-NORD,U,14.309557,10.588633,27,29.276991,100,88.88888888888889,4.444444444444445
391,EST,U,13.702017,4.587754,28,36.537592,89.28571428571429,100,4.321428571428571
392,CENTRE,R,11.569624,3.646497,28,25.162816,85.71428571428572,96.42857142857143,6.250000000000001
393,NORD,R,15.11689,7.235709,28,23.926644,57.142857142857146,3.5714285714285716,5.214285714285714
394,DOUALA,U,9.695194,4.034107,28,16.26814,100,100,4.785714285714286
395,SUD,R,11.322458,2.215912,28,9.213232,100,75,5.000000000000001
396,CENTRE,R,11.261496,4.333516,28,21.660772,32.14285714285714,78.57142857142857,5.821428571428571
397,ADAMAOUA,U,12.613832,6.468371,27,21.642201,74.07407407407408,92.5925925925926,3.518518518518519
398,NORD,U,13.363756,9.304593,27,20.694852,100,92.5925925925926,5.222222222222222
399,EST,U,13.433706,4.240796,28,16.576672,57.142857142857146,50,6.2857142857142865
400,DOUALA,U,9.764255,4.072044,24,22.296,100,100,4.208333333333334
401,NORD-OUEST,U,10.13923,5.947163,28,32.923632,92.85714285714286,100,4.25
402,LITTORAL,R,10.412338,4.12771,28,13.118867999999999,92.85714285714286,64.28571428571429,3.357142857142857
403,EST,R,13.116248,3.555456,28,14.07574,42.857142857142854,0,5.7142857142857135
404,NORD-OUEST,U,10.223314,6.023916,26,25.25263,100,96.15384615384616,3.8846153846153846
405,ADAMAOUA,R,14.168674,7.232484,18,5.455836,22.22222222222222,11.11111111111111,6.333333333333333
406,EXTREME-NORD,R,15.109807,10.405851,28,45.916444,46.42857142857142,0,5.607142857142858
407,SUD-OUEST,U,9.453911,4.629602,23,32.705908,100,100,3.434782608695652
408,EST,U,13.663668,4.576768,28,20.447111999999997,100,96.42857142857143,4.714285714285714
409,ADAMAOUA,R,14.979454,6.990895,23,6.066732999999999,78.2608695652174,13.043478260869566,4.434782608695652
410,EXTREME-NORD,U,14.953878,10.123383,27,37.865069999999996,100,29.62962962962963,5.777777777777779
411,NORD-OUEST,U,10.456834,6.010836,21,37.246923,95.23809523809523,61.9047619047619,4.619047619047619
412,YAOUNDE,U,11.49095,3.851681,25,9.866,100,100,3.0400000000000005
413,DOUALA,U,9.714876,4.035003,27,36.826677,100,96.2962962962963,3.592592592592593
414,YAOUNDE,U,11.495874,3.863885,28,14.298256,100,100,3.857142857142857
416,SUD,U,11.142735,2.889416,28,25.053055999999998,96.42857142857144,96.42857142857144,4.321428571428572
418,EST,U,13.664823,4.561176,28,20.418496,92.85714285714285,100,5.571428571428571
419,ADAMAOUA,R,12.944426,6.614584,28,10.961300000000001,50,0,4.928571428571428
420,LITTORAL,U,9.753129,4.764376,28,20.849024,75.00000000000001,92.85714285714286,4.785714285714286
421,NORD,U,13.378791,9.305956,27,27.165348,96.2962962962963,85.18518518518518,5.592592592592593
422,OUEST,U,10.405011,5.458441,26,40.009606000000005,100,100,5.038461538461537
423,EXTREME-NORD,R,15.116651,10.703894,28,46.704588,53.57142857142857,0,5.535714285714286
424,LITTORAL,U,9.72138,4.713736,28,21.837452,100,96.42857142857143,3.9285714285714284
425,ADAMAOUA,U,13.267282,6.462277,27,19.920114,51.85185185185185,85.18518518518518,5.185185185185185
426,SUD-OUEST,U,9.316459,4.088268,25,10.33135,100,92,3.04
427,NORD-OUEST,R,10.74267,6.303647,25,20.186075,100,4,4.08
428,YAOUNDE,U,11.534267,3.854618,26,39.227396,100,96.15384615384615,5.346153846153846
429,LITTORAL,U,9.968429,5.134994,28,21.340284,92.85714285714285,96.42857142857142,5.928571428571429
430,EST,R,13.24074,4.111128,28,20.940835999999997,64.28571428571429,50.00000000000001,5.964285714285714
431,CENTRE,R,11.253785,5.008427,28,24.425996,85.71428571428572,0,10.785714285714286
432,NORD,R,13.402444,9.354506,27,47.84697,88.8888888888889,25.925925925925927,5.407407407407408
433,YAOUNDE,U,11.500286,3.883597,27,6.824169,100,100,5.703703703703703
434,CENTRE,U,11.901472,4.438244,28,32.623388000000006,89.28571428571428,92.85714285714285,5.9642857142857135
435,SUD,R,11.729828,2.90006,28,13.892031999999999,64.28571428571429,0,8.321428571428573
436,CENTRE,U,11.545193,4.165041,28,19.564496000000002,96.42857142857143,100,5.928571428571428
437,DOUALA,U,9.722779,4.027575,28,30.580032,96.42857142857144,100,4.749999999999999
438,OUEST,R,10.465615,5.106866,28,17.421684,78.57142857142857,89.28571428571429,4.7857142857142865
439,EXTREME-NORD,U,14.343363,10.612032,28,27.482504,100,85.71428571428572,5.571428571428571
441,CENTRE,R,11.169313,3.62233,28,7.779576,78.57142857142857,64.28571428571429,4.642857142857142
442,OUEST,R,10.42901,5.112917,28,19.967724,50,85.71428571428571,5
443,EXTREME-NORD,U,14.560725,12.769557,28,29.00674,92.85714285714285,3.571428571428571,7.2142857142857135
444,SUD,R,11.169574,2.847468,28,20.950132,67.85714285714286,28.571428571428573,8.035714285714286
445,DOUALA,U,9.616093,4.083581,28,72.344244,100,96.42857142857142,4.035714285714286
446,YAOUNDE,U,11.478789,3.876906,28,9.369304000000001,100,100,5.071428571428571
447,YAOUNDE,U,11.497181,3.814339,28,68.029304,89.28571428571429,100,3.821428571428572
448,CENTRE,U,11.21874,4.750062,28,18.365704,100,96.42857142857143,5.035714285714286
449,NORD-OUEST,R,10.120192,6.017733,28,36.164856,67.85714285714286,89.28571428571429,4.7142857142857135
450,EXTREME-NORD,U,15.035812,12.066657,28,26.839484,100,100,4.285714285714286
451,EXTREME-NORD,R,14.784792,10.481704,26,40.29103,61.53846153846153,0,5.576923076923077
452,EXTREME-NORD,R,14.349723,10.985032,28,54.451488,28.57142857142857,0,4.892857142857143
453,LITTORAL,U,9.922827,4.946776,28,10.553647999999999,100,96.42857142857143,3.857142857142857
454,NORD,U,13.372689,9.296845,28,16.018044000000003,96.42857142857142,89.28571428571428,4.678571428571428
455,EXTREME-NORD,R,13.91417,10.651806,28,63.607768,78.57142857142856,32.142857142857146,5.428571428571428
456,SUD,U,11.987041,2.943631,28,9.926587999999999,100,100,6.178571428571429
457,OUEST,U,10.43389,5.497691,28,23.228352,100,89.28571428571428,5
458,DOUALA,U,9.75298,3.976194,25,55.021425,100,92.00000000000001,4.3999999999999995
459,ADAMAOUA,U,13.595693,7.320946,26,10.049546,96.15384615384615,96.15384615384615,4.423076923076923
461,DOUALA,U,9.744562,4.012805,27,24.554285999999998,100,100,4.740740740740741
462,SUD,U,11.128844,2.921289,28,6.962339999999999,85.71428571428571,92.85714285714286,6.071428571428572
463,LITTORAL,R,9.662825,3.645991,25,5.7962,52,32,3.32
465,DOUALA,U,9.717118,4.063146,26,21.51305,100,100,4.230769230769231
466,EXTREME-NORD,R,14.659263,10.85083,27,38.539476,100,0,4.62962962962963
467,LITTORAL,U,9.937793,4.960422,28,13.229467999999999,100,100,5.321428571428572
468,NORD,R,13.200813,9.544194,26,29.218202,30.76923076923077,50,5.576923076923077
469,NORD,R,13.740545,10.190109,27,36.134423999999996,18.51851851851852,0,6.222222222222222
