DHSCLUST,Aridity_2015,Rainfall_2015,Malaria_Prevalence_2015,Enhanced_Vegetation_Index_2015,Nightlights_Composite,Travel_Times_2015,Proximity_to_Water,All_Population_Count_2015,Slope,Drought_Episodes,Growing_Season_Length
1,11.652567863464355,797,0.1919313371181488,2285,0.14885075887044272,46.285714285714285,132110.10416666666,332.19873046875,0.16553143092564174,2,5
2,36.98813247680664,1329.8,0.33688706159591675,4613.444444444444,0,126.514745308311,242161.58974358975,2613.1865234375,0.09297967660203375,1,4
3,35.85752868652344,1297,0.3167681097984314,3371,0.11110309968914904,45.875,43561.90178571428,118.07286834716795,1.1824239492416382,-9999,4
5,35.7159423828125,1181,0.1604199260473251,2429,16.233274366034838,0,63668.46153846154,243690.40625,0.61855316162109375,-9999,-807
7,38.029998779296875,1621.3,0.312897095313439,3779,0.00366078325220056,26.31607629427793,22260.09003215434,19155.783203125,1.1719445168809606,1,5
8,42.5,2016,0.03336325287818909,4039,2.1290850146063445,0,197133.67857142855,13475.48828125,2.6716455732073103,2,-807
10,11.610509872436523,1102.8,0.25741344690322876,2690.6666666666665,0.05787998680435394,20.43699731903485,131977.32484076434,91183.8046875,3.623302469943867,2,4
11,50.90056610107422,1815,0.2584601640701294,2353,0.4008956119931978,29.866666666666667,6431.0703125,3020.30517578125,0.19332865079243977,-9999,-807
12,58.0782585144043,2524,0.1217355951666832,2224,8.984165586274246,2.230769230769231,1330.4959309895833,28565.5625,0,2,-807
13,41.514286041259766,1386,0.2392454445362091,4032,1.9615779999763736,0,132860.07692307694,89641.1796875,0.6473546709333148,-9999,6
14,11.610509872436523,1129.5,0.19781732559204104,2753.9166666666665,2.063746734332e-4,71.45092838196287,125712.56230031948,58764.5703125,3.721395396427387,2,4
15,36.262996673583984,1260.2,0.40759506821632385,4617.9,0.09749712707395054,180.20765027322403,174851.1054313099,3849.981201171875,0.2500455262231045,-9999,6
17,58.0782585144043,2160,0.11841913312673567,2957,5.436370849609375,2.7857142857142856,3040.0947265625,7191.736328125,0,2,-807
18,8.035714149475098,586,0.1090715155005455,1743,0.9350212360250538,9.928571428571429,92451.26923076923,61126.51171875,0.0541486314364842,2,-807
19,-9999,1653.3,0.2328002793448312,3809.5,0.01036103480396516,43.733695652173914,10378.045382165605,3593.560546875,0.2342708848927119,2,5
20,35.7159423828125,1331,0.2271263897418976,4442,1.5443285533360072,0.7692307692307693,90488.375,1135.650634765625,1.585236329298753,-9999,-807
21,42.5,1732.3,0.05449626967310905,3747.2,0.04588577002085271,10.592493297587133,170011.97444089456,174376.3125,2.1620228130759886,2,4
22,59.2621955871582,2395,0.11753080040216446,3840,2.2320180093088458,0.14285714285714285,53594.52840909091,104627.34375,1.2675658634730749,2,-807
24,59.2621955871582,2395,0.08812224864959717,3840,2.5374321371822033,0.13333333333333333,52833.41346153846,98199.234375,1.2737935384114585,2,-807
26,35.7159423828125,1282.7272727272727,0.29844174018272984,3903.8333333333335,2.8909620202105977,8.387533875338754,71881.53015873017,771283.25,0.6246557054803946,-9999,-807
27,37.04154968261719,1511.3333333333333,0.3578144073486328,4256.222222222223,0,147.5994623655914,211106.025477707,2770.63525390625,0.30670713609264744,1,6
28,36.56145095825195,1240,0.23917677998542783,4180,1.6962855021158854,1.2857142857142858,207905.57142857145,29105.31640625,0.2868708201817104,1,-807
29,42.581581115722656,2027,0.07281019538640976,3486,0.04769044497917438,18.1875,209568.84615384616,12407.79296875,2.5179243087768555,2,3
30,38.39949035644531,1965.2222222222224,0.2604067921638489,4118.2,0,79.66397849462365,159206.88607594935,44535.203125,3.238300282468078,2,3
31,35.7159423828125,1269,0.1604199260473251,2737,10.066312662760415,0,65694.25961538461,145155.15625,0.4995675427573068,-9999,-807
32,58.0782585144043,2284,0.1334429830312729,4020,1.864807646153337,4,9362.733173076924,23358.33203125,0,2,-807
33,35.12753677368164,1272.5,0.4066912333170573,4836.7,0.00122658411661783,55.55737704918032,102625.82965299684,5405.7666015625,0.823396443017845,-9999,-801
34,37.324806213378906,1659.1,0.32911189397176105,3445.6,0.01659298072164533,145.96486486486486,100373.60252365933,8075.54248046875,0.3795949575063345,2,5
35,12.522293090820313,985.1666666666666,0.17310306004115514,2299.8333333333335,0.00340876116800467,57.73209549071618,98712.089456869,39833.328125,2.4037001227826593,2,4
37,39.31829452514648,1528.0833333333333,0.32981885274251305,3692.8,0,41.682065217391305,98774.54662379422,5622.8291015625,0.08924509131390115,1,5
38,42.5,1956,0.08396771748860678,3725.3,0.00687409288362376,22.13978494623656,198350.03154574137,74305.6171875,1.326688704952117,2,-997
40,35.85752868652344,1291,0.25757589340209963,4425,0.00672954087005739,86.5,33520.556962025315,9371.494140625,0.8314218057168496,-9999,5
41,34.43783950805664,1493,0.4328494389851888,4593.2,0,172.8773841961853,81658.24050632911,2263.2900390625,0.34285280814937413,-9999,-801
43,42.581581115722656,1945.2,0.06327324254172188,3855.5,0.00143811702728271,38.44235924932976,218549.6050955414,74763.671875,5.45484478416136,2,3
44,11.393665313720703,907,0.12903693318367004,2368,0.32930390040079754,5.9375,112738.04807692308,592.9739990234375,4.471226215362549,2,-807
45,38.39949035644531,1940.5555555555557,0.29020649194717407,4163.4,0,94.17886178861788,146231.71704180064,13665.2421875,4.08667190675813,2,3
46,13.223880767822266,936.6,0.16247287392616272,2680.5555555555557,4.231147542845e-4,51.03191489361702,41796.92063492064,20879.74609375,2.7553996633976063,2,4
47,47.402366638183594,1550.111111111111,0.082679383456707,4019.8888888888887,0.01961728573812674,46.41530054644809,132351.5884244373,72385.8984375,3.159699320141735,2,3
48,12.078824996948242,871,0.20593178272247312,2122.6,0.02611621614283941,35.770270270270274,100381.24921135648,215109.84375,0.2726127830711571,2,5
49,15.235610961914063,910,0.20735257863998413,2289,1.7285420735677084,1.5,79578.60416666667,37443.2578125,0.4681566102164133,2,-807
50,57.6485710144043,2643,0.0799097865819931,2810,8.02919963254767,0,3056.7013221153848,98743.6875,0,2,-807
51,35.7159423828125,1261,0.16009853780269623,2832,7.185776283001077,0.3125,62462.48557692308,9359.322265625,0.7861628532409668,-9999,-807
52,35.7159423828125,1181,0.13904230296611786,2429,30.10043785220287,0,61455.25961538462,289486.3125,0.6040646008082798,-9999,-807
53,58.0782585144043,2587,0.10201852023601532,-9999,23.93065371755826,0,1284.6619318181818,162725.734375,0,2,-807
54,58.0782585144043,2417,0.10368698835372923,3142,5.05447839807581,1.3076923076923077,861.3463541666666,173592.65625,0,2,-9999
55,38.24444580078125,1300.2,0.40493753978184294,4728.3,0.02026593766024834,62.0188679245283,34420.17721518988,29384.22265625,0.7653927044727089,-9999,-801
56,15.235610961914063,910,0.17260584235191345,2289,5.481726694915254,0.3125,83095.33928571429,97750.8828125,0.8095976114273071,2,-807
58,35.7159423828125,1243,0.16009853780269623,2832,9.735366295123924,0.06666666666666667,64347.64903846154,54644.51171875,0.5323628425598145,-9999,-807
59,18.758621215820313,840,0.3498005549112956,2832.4,0.00480402460034261,36.44173441734417,99263.2564102564,14664.1513671875,0.17670930691850864,2,5
60,62.77460479736328,1925,0.1705780327320099,4447,1.4576548258463542,3.2,3267.4353966346152,48101.28125,2.451318868001302,2,-807
61,36.56145095825195,1240,0.23917677998542783,4180,1.3234935559724506,1.6875,208422.31818181815,23537.376953125,0.2799183428287506,1,-807
62,47.402366638183594,1677,0.06610717943736485,3804.4,0.02553053941771882,12.497267759562842,159558.49056603774,192696.96875,1.5286389960617317,2,4
63,42.5,2043,0.04430526122450828,3669,2.1660947297748767,0,200426.4090909091,56023.7109375,2.2497119903564453,2,-807
64,37.98904037475586,1434.7777777777778,0.3322474797566732,4373.1,0.03195814723553865,673.9919786096257,228019.06329113923,3693.95556640625,0.40594082592642883,1,-809
65,35.7159423828125,1181,0.13904230296611786,3088,31.639982096354167,0,60339.072916666664,281926.9375,0.6284059797014508,-9999,-807
66,62.77460479736328,1925,0.1721256971359253,4447,1.7530249902757549,4.071428571428571,2377.9765625,37445.49609375,1.727433681488037,2,-807
67,40.27055740356445,1918,0.09945366531610488,3106,0.8980968080717942,0.07142857142857142,165791.0625,1587.534912109375,2.87201418195452,2,-807
68,13.736089706420898,882.4,0.17234142010028547,2512.6,0.05285432034690908,23.952,141010.3151125402,129227.796875,0.11889650472005207,2,5
69,58.0782585144043,2055.3,0.24309509141104563,4433.9,0.00663422087385011,59.36729222520107,30568.608974358973,8617.92578125,0.44498777006011225,2,5
70,59.2621955871582,2395,0.08812224864959717,3840,2.9268946154364226,0,53828.364583333336,162013.03125,1.1895478963851929,2,-807
71,51.96783447265625,1724.9,0.06925627163478307,4275.272727272727,0.05121714308524987,13.25,145905.32907348243,220402.0625,3.640593155570652,2,3
72,35.7159423828125,1257,0.14466910064220428,3088,13.83207259639617,0,58819.52678571428,35173.54296875,0.683720316205706,-9999,-807
73,35.942501068115234,1535.7777777777778,0.26924136706760954,3606.9,0,42.07608695652174,95382.50479233229,329.05230712890625,0.6824475163998811,1,5
74,36.7579460144043,1498,0.1704142987728119,3069,4.1980919673525054,0.375,118289.31730769233,46596.5,0.8594136238098145,1,-807
75,40.63114929199219,1844,0.08446985483169556,3754,0.3993582491014824,0.21428571428571427,149591.75,32126.384765625,1.0195465087890625,2,4
77,62.77460479736328,1787,0.18468214571475983,4330,0.561150785352363,5.5,8077.867897727273,2277.9765625,2.989915575299944,2,-801
78,47.402366638183594,1746.6363636363635,0.08241363366444905,4269.333333333333,0.06248999126886917,40.69945355191257,127224.07667731628,141641.03125,4.247479214694331,2,3
79,37.95486831665039,1449.1,0.29255104064941406,3300.7,0.00165138292794275,50.54032258064516,132784.9358974359,1008.2794799804688,0.7339894284484207,1,5
80,36.47013092041016,1909.8181818181815,0.3001224398612976,4380.583333333333,0,63.88709677419355,139717.80191693292,24793.490234375,1.3742734847530242,2,4
81,7.587904453277588,619.8,0.19220709800720215,1807.0833333333333,0,27.344736842105263,15877.303797468354,28093.8125,0.25583078484786187,2,2
82,40.57988357543945,1307,0.26350444555282593,4439,3.9988310215836864,7.733333333333333,53722.05357142857,18566.609375,3.3224385579427085,-9999,-807
83,36.880126953125,1337.9,0.4355817159016927,4317.3,0.00457080194461581,160.23835616438356,190963.1392405063,2373.183349609375,1.017363498635488,-9999,-801
84,18.758621215820313,764.2,0.28416531880696616,2535.6363636363635,6.6568141031746e-4,105.41239892183287,70123.14826498422,2445.12158203125,0.34098597935267855,2,5
85,36.88916778564453,1698.888888888889,0.4004964828491211,3590.6,0,213.12600536193028,61054.70886075949,3820.726318359375,1.2829480209555126,2,4
86,37.5639533996582,1406,0.41828028361002606,4582.416666666667,0,145.02459016393442,263856.74358974356,1463.4326171875,0.31609204818642206,1,-801
87,11.393665313720703,972.9,0.202434241771698,2447.5454545454545,0.00504891691449161,49.116216216216216,127424.7898089172,40481.3828125,3.5250326620565877,2,4
88,11.393665313720703,852.6666666666666,0.20963178362165177,2248,0.01676303937920966,31.27077747989276,117251.073015873,74317.03125,0.3383219619219169,2,4
89,35.7159423828125,1181,0.14466910064220428,3088,27.521780240333687,0,60827.392857142855,225965.953125,0.6020900726318359,-9999,-807
90,34.24109649658203,1420.2,0.3467061519622803,4415.8,0,126.74184782608695,147319.77142857143,3205.540283203125,0.5307779312133789,1,-801
91,50.90056610107422,1802,0.2584601640701294,3040,1.517749260211813,24,8460.941964285714,21902.1640625,0.1937274251665388,-9999,-807
92,47.402366638183594,1928,0.07910602539777756,4615,0.19133795102437337,14.533333333333331,120167.17307692308,21505.939453125,1.9940625508626304,2,3
93,36.262996673583984,1352.4,0.4033612012863159,4570.7,0.00305892458453087,159.77777777777777,164025.5492063492,5069.95703125,0.1001447041829427,-9999,-801
94,35.45429229736328,1372,0.347506582736969,4251,0.988845443725586,39.53333333333333,156991.3173076923,9843.720703125,0.2426462173461914,1,6
95,35.7159423828125,1243,0.1604199260473251,2737,14.53406182650862,0,64008.24107142857,200854.53125,0.5864025629483737,-9999,-807
96,7.259002685546875,525,0.16193720698356628,1852,0,46.8125,9443.951923076924,193.44781494140625,0.3186454772949219,5,2
97,41.514286041259766,1396,0.32275492350260415,4243.6,0.00673359137814061,56.474393530997304,141981.482428115,3750.845947265625,0.3629025359038073,-9999,5
98,58.0782585144043,2417,-9999,3142,10.89967744246773,0,664.67548828125,79364.9453125,0,-9999,-807
99,58.0782585144043,2378,0.08609534800052643,2147,9.841607666015625,0,5343.28125,121471.109375,0,2,-807
100,47.402366638183594,1655.7,0.0803281239100865,4247.2,0.01870972659136798,38.46774193548387,138037.03514376996,49497.8046875,2.580802999516969,2,4
101,44.48732376098633,1482.4,0.3230224549770355,3731,0.01204676611948821,134.65934065934067,50390.11392405063,14153.427734375,0.5635897458254636,-9999,-801
102,40.63114929199219,1851.75,0.17933079174586705,3959.6666666666665,0,50.40909090909091,138018.85173501578,18838.623046875,1.432766021891711,2,4
103,12.365591049194336,864.9,0.15179446538289387,2167.3333333333335,0.00314233612663136,180.8484042553191,164478.8498402556,18747.2265625,0.1778796784421231,2,4
105,29.866107940673828,1433.3,0.3500235080718994,3171.1111111111113,0,71.36585365853658,207214.53164556963,4885.6015625,0.9653713153952828,2,6
106,45.55270767211914,1625.2,0.27190762758255005,3795.555555555556,0,158.71311475409837,48788.80830670927,8810.8095703125,0.42896616784601266,-9999,-801
107,35.7159423828125,1243,0.1604199260473251,2832,11.048372465988685,0,65072.611607142855,71389.625,0.36022084951400757,-9999,-807
108,40.27055740356445,1912.4,0.17898426737104142,3549.4545454545455,0.00368447484685799,23.217391304347824,154704.7435897436,34410.9375,1.8469890096913213,2,4
109,55.764705657958984,1954,0.04471787437796593,4100,1.2760321633857594,2,95812.03846153848,132684.15625,3.2651829719543457,2,-807
110,58.0782585144043,2643,0.10201852023601532,1466,20.59566446940104,0,1750.768780048077,147775.25,0,2,-807
112,41.514286041259766,1429.8,0.31536489725112915,4202.545454545455,0.10578760786335296,53.53405994550409,125646.66666666669,136702.390625,0.95525449498148,-9999,-807
113,35.7159423828125,1310.5,0.40206967081342426,4538.666666666667,0,116.46594005449592,122136.46006389776,10526.927734375,0.9756710873637602,-9999,-801
114,47.402366638183594,1723.5,0.08407250472477504,3813,0.02006757863878478,11.803234501347708,163444.7539936102,164228.53125,1.263397216796875,2,4
115,12.078824996948242,903.3,0.1985066682100296,2115.181818181818,8.8910830212149e-4,48.31891891891892,83581.6126984127,42442.75,0.5343780517578125,2,5
116,42.581581115722656,1965,0.08847431093454361,3837,0.05368074199609589,32.4,197610.5,2453.1494140625,5.207190958658854,2,3
117,36.56145095825195,1240,0.23917677998542783,4314,2.937084329539332,0,206763.57692307697,40926.3828125,0.2686248847416469,1,-807
118,15.152363777160645,786.3333333333334,0.26160578727722167,2718.1,0.00358395148791781,76.152,55387.44408945687,9498.9140625,0.8269242350260416,2,4
119,39.174556732177734,1346.3,0.3924298286437988,4581,0.00373469681843467,836.3586956521739,320754.97142857144,1809.463623046875,0.3719576130742612,-9999,-801
120,51.96783447265625,2100,0.08331002295017242,4371,0.01743577718734741,26.214285714285715,108249.04166666669,251.8959045410156,4.451805659702846,-9999,3
121,58.0782585144043,2417,0.15802977979183197,3142,4.834169086657073,0.13333333333333333,1584.4728064903843,103505.484375,0,2,-807
122,13.223880767822266,927,0.1548432558774948,2594,1.410552978515625,1.0625,38110.72159090909,65848.3125,0.6396220326423645,2,5
123,36.7579460144043,1496.0833333333333,0.2796684801578522,3194.4166666666665,0,54.2972972972973,150844.93670886077,1000.1116943359376,1.3170071988492398,1,5
125,58.0782585144043,2417,-9999,3142,9.676283855827489,0,493.66255326704544,110105.9453125,0,-9999,-807
126,57.6485710144043,2533,0.09935300797224043,2561,1.7782181331089564,5.214285714285714,1104.4063251201924,3115.11328125,0,2,-807
127,40.57988357543945,1280,0.1648089736700058,4180,18.97996012369792,0.14285714285714285,57076.828125,39667.73828125,2.461714880807059,-9999,-807
128,13.20639991760254,917.4,0.1868115266164144,2449.6666666666665,0.06560490755426804,29.208,36650.493589743586,117836.4375,0.9218330891927085,2,5
129,34.9431266784668,2081,0.13879874348640442,3693,0.02463074981189164,10.928571428571429,195351.14583333337,1035.54052734375,1.3229690279279436,2,3
130,9.973837852478027,891.9,0.24894467989603675,2198.222222222222,0.03066952596574821,20.24598930481283,150570.3670886076,61694.7265625,1.5285197375292447,2,4
132,39.36774063110352,1215,0.24102728068828583,4093,0.1472917653746524,48.46666666666667,159352.36538461538,897.89349365234375,0.2630588531494141,-9999,4
133,40.57988357543945,1338,0.18554958701133728,4045,9.968644766971982,0.06666666666666667,60712.578125,141848.46875,1.196832784016927,-9999,-807
134,13.223880767822266,931.2222222222222,0.17287479128156388,2571.7,0.00206206274288956,24.096,34413.198738170344,27984.205078125,1.5757200520833334,2,5
135,11.610509872436523,1064.7,0.24968864236559188,2532.2,0.05184742590471213,24.648793565683647,132760.94568690096,120870.734375,3.328838767698559,2,4
136,9.973837852478027,860,0.21323685348033905,2007,0.00263760886231406,37.266666666666666,142452.6875,3068.822265625,1.0776997884114583,2,5
137,12.617053985595703,856.9,0.22433942159016929,2354.222222222222,0,48.47184986595174,97066.7898089172,30284.0234375,0.1971939536905161,2,5
138,62.77460479736328,2127,0.1866388767957687,4565,1.1480184094659214,9.5,17997.188616071428,37613.265625,4.845856666564941,2,-807
140,35.19373321533203,1430.2222222222222,0.3911248207092285,4501.8,0,166.98123324396784,149671.46496815287,5657.63427734375,0.2686800100208927,1,-801
141,9.973837852478027,857.9,0.26044985226222445,2172.4,0.0019513797188567,24.72459893048128,143560.05095541402,82991.75,0.9557593034550468,2,4
143,15.152363777160645,851,0.29367274045944214,2601,0.3821525573730469,23.571428571428573,91455.73863636365,216.00689697265625,0.9275856018066406,2,-807
144,34.9431266784668,2375,0.21559756994247437,3850,0,30.333333333333332,188508.20833333337,4016.0595703125,3.432325744628906,2,3
145,55.764705657958984,2055.6,0.09526715108326504,4672.181818181818,0.14929163035984608,81.74728260869566,97053.6329113924,190700.578125,4.5606526913850205,2,3
146,58.0782585144043,2643,0.07472863793373108,1466,14.924096469221444,0,3182.015625,312559.03125,0,2,-807
147,42.5,1978.2,0.07995953730174474,3719.5,0.01352054360918524,19.870619946091644,206703.9363057325,105306.3359375,2.120007620346193,2,-997
149,35.7159423828125,1181,0.1604199260473251,3088,18.527275710809427,0,61978.019230769234,236273.015625,0.6771319071451823,-9999,-807
150,40.522666931152344,1504.4,0.33168881280081614,3806.272727272727,0,201.24932975871317,253069.04458598729,11995.958984375,0.21714287724635556,1,5
151,40.63114929199219,1548,0.11122193932533264,3730,0.2526220453196558,54.8125,116672.17307692308,995.03570556640625,1.7178375720977783,2,-807
152,33.59568786621094,1263,0.3316262662410736,4591,0.07505719136383573,91.13333333333334,146977.6826923077,167.2748565673828,0.3884051958719889,-9999,6
153,58.0782585144043,2643,0.07472863793373108,1466,17.263763427734375,0,2239.9915865384614,222969.171875,0,2,-807
155,34.740333557128906,1331,0.358975887298584,4657,0,54.57142857142857,85010.359375,361.2096252441406,0.5736393247331891,-9999,-801
156,58.0782585144043,2417,0.10368698835372923,3142,7.126365924703664,0.07142857142857142,1375.062220982143,237217.5,0,2,-9999
157,13.20639991760254,896.4,0.1611184733254569,2474.3,0,83.96195652173913,31889.13015873016,21110.375,0.9090843200683594,2,6
158,36.7579460144043,1530,0.13923582434654236,2839,0.887304897966056,0.9285714285714286,115143.32692307692,29867.353515625,0.22501083782741,1,-807
159,39.21394348144531,1437,0.2262274473905563,3306,0.5612506866455078,74.42857142857143,178720.03846153847,447.5798645019531,0.7194758823939732,1,5
160,47.402366638183594,1727,0.03492193669080734,2720,1.5723398844401042,0,158719.5909090909,101627.421875,1.683948278427124,2,-807
161,-9999,1569,-9999,1543,1.1730359051678632,0.3333333333333333,980.2214006696428,24650.4296875,0.3162691593170166,-9999,-9999
162,38.24444580078125,1282,0.2439844310283661,3379,0.0726565328137628,67.78571428571429,19481.86160714286,619.2841796875,0.9742826734270368,-9999,4
163,40.57988357543945,1280,0.15413305163383484,4180,26.003543976814516,0,59277.786458333336,267730.3125,0.8996163095746722,-9999,-807
164,19.085657119750977,958.1,0.3370852470397949,2913.4545454545455,0,148.33062330623306,151308.4984025559,6956.447265625,2.5255909327892105,2,4
165,58.0782585144043,2129,0.1980145126581192,4232,0.27649945226208916,16,7702.750651041667,946.58905029296875,0,2,-807
166,18.881132125854492,776.9166666666666,0.26626917521158855,1537.2,4.2102840086614e-4,107.32707774798928,78018.03174603175,2248.031982421875,1.0568522026327916,2,5
167,58.0782585144043,2524,0.07472863793373108,2224,11.137137577451508,0,2684.1328125,101052.796875,0,2,-807
168,35.37437057495117,1670,0.1954590082168579,3500,0.22223032566539028,176.75,93175.94318181818,15595.38671875,0.36842504143714905,1,5
169,12.078824996948242,862,0.18149106204509735,2341,0.2215172997836409,5.857142857142857,60915,1041.736083984375,0.4110226631164551,2,-807
170,37.95486831665039,1543.4166666666667,0.2948465347290039,3715,0.00674976658176731,14.48793565683646,137688,25185.20703125,0.4369926554907423,1,5
171,38.47343063354492,1493.3333333333333,0.35277141843523296,3748,0,59.06970509383378,117219.45047923324,2453.506591796875,0.5928361908040801,1,5
172,57.6485710144043,2378,0.08609534800052643,2561,6.742767333984375,0,3898.315011160714,33659.32421875,0,2,-807
174,35.7159423828125,1280,0.13904230296611786,2429,23.72720772879464,0,60209.682291666664,304515.0625,0.685075214930943,-9999,-807
175,42.5,1767.7777777777778,0.07515496760606766,3499.9,0.20033236190889128,6.051630434782608,163790.49517684887,368091.59375,1.7392943009086277,2,-807
176,15.235610961914063,943,0.20575223863124847,2581,0.9814085467108364,1.4,82708.875,38723.0703125,1.1768175760904949,2,-807
177,37.05741882324219,1559,0.21052905917167664,3203,0,105.07142857142856,172679.48958333334,4481.33447265625,1.4251702172415597,1,-807
178,40.57988357543945,1338,0.18554958701133728,4045,14.49781536233836,0,61632.794642857145,269269.34375,0.9215344786643982,-9999,-807
179,35.7159423828125,1257,0.1871391385793686,4346,9.407762430481991,1.1333333333333333,55262.23557692308,24513.45703125,2.1329856872558595,-9999,-807
180,57.6485710144043,2104.8,0.2619466781616211,3343.7,0.00897391428171969,118.69589041095892,5048.752419354839,1148.75830078125,0.04285422547222817,2,-801
181,12.078824996948242,919.2727272727273,0.19114677608013153,2120.3,0.01307994544784413,28.448,90627.70977917982,9925.2724609375,0.4254611002604166,2,5
182,15.152363777160645,814,0.222282737493515,2691,0.07035420735677084,85.06666666666666,42081.369791666664,218.8509063720703,0.3662511189778646,2,4
183,36.56145095825195,1294.7,0.33468240102132163,4532.916666666667,0.2331916467467351,35.916890080428956,200948.14057507983,130624.421875,0.2181078217943616,1,-807
184,40.27055740356445,1844.4545454545455,0.0914663416998727,3225.2,0.00121429293477769,41.524324324324326,173858.98734177215,71628.3203125,1.377639358108108,2,4
185,47.402366638183594,1727,0.03950145095586777,2720,1.554323741367885,0,157414.48076923078,94972.3515625,2.404615275065104,2,-807
186,44.5058479309082,1482.4,0.3745098114013672,4152.166666666667,0,113.07795698924733,102459.2715654952,2930.99658203125,0.6380948302566364,-9999,6
187,37.95486831665039,1560,0.21287795901298523,3652,0.7889294942220052,0.6,142647.78846153847,51483.86328125,0.4694555918375651,1,-807
188,58.0782585144043,2643,0.0799097865819931,1466,15.776174444901317,0,3611.9368990384614,312956.8125,0,2,-807
189,-9999,1575,0.2118725478649139,1543,0.27319024403889974,3.066666666666667,2890.176339285714,20359.0625,0.15588976786686823,2,5
190,11.393665313720703,896,0.16578461229801178,2249,3.366805013020833,0.21428571428571427,108410.78571428572,100056.375,1.7056311198643277,2,5
191,58.0782585144043,2524,0.07472863793373108,1466,14.99066162109375,0,1190.166015625,129299.96875,0,2,-807
192,35.7159423828125,1257,0.14466910064220428,3088,16.494483684671337,0.13333333333333333,56830.21590909091,42983.328125,1.62742919921875,-9999,-807
193,36.7579460144043,1498,0.15240076184272766,3079,2.2565317789713544,0.0625,114046.40384615384,26130.2578125,0.4039394855499267,1,-807
194,41.514286041259766,1386,0.2283463031053543,4045,2.0925861227101294,0.1875,132547.33333333334,110816.703125,0.655163049697876,-9999,6
195,47.402366638183594,1955,0.09033427238464356,4239.583333333333,0.05322962221891984,44.63215258855586,119728.3670886076,140205.3125,4.84399347539169,2,-801
196,35.7159423828125,1292,0.25512459874153137,3796,8.522585042317708,0,67522.5625,57553.7421875,0.6921204249064128,-9999,-807
197,35.7159423828125,1257,0.16009853780269623,3088,11.987948713631466,0,59937.08522727273,26408.58203125,0.8254038946969169,-9999,-807
199,40.27055740356445,1924.6666666666667,0.13874788582324982,3463,0.03157863073465458,18.8544474393531,163207.51592356688,45267.6171875,1.7529996064795317,2,-807
200,38.47343063354492,1457.25,0.3499617576599121,4020.5,0,55.49726775956284,158770.74760383388,2536.069091796875,0.7537001312756147,1,5
201,14.841529846191406,891,0.3280995488166809,2819,0,84.1875,147609.55681818182,337.9584655761719,0.39202064275741577,2,5
202,58.0782585144043,2282,0.08096067607402802,2147,8.332300018845944,0,5036.5234375,238276.65625,0,2,-807
203,18.881132125854492,1030.111111111111,0.3432724177837372,2954.7,0,97.16533333333334,133395.78205128206,5761.1328125,1.03939013671875,2,4
204,55.764705657958984,2185,0.13672351837158203,4269,0.06220735165110806,48.125,66362.98863636363,20403.64453125,0.3071252107620239,2,4
205,43.902313232421875,1973,0.05626718356059147,4264.7,1.8291275109529e-4,56.22282608695652,223820.83067092652,62142.53125,7.334293531334919,2,3
206,37.84726333618164,1370,0.217771515250206,4623,0.2010565790636786,122.1875,254848.82142857145,1876.2802734375,0.14808398485183716,1,-807
208,42.5,1947.7,0.04774174292882283,3854.5,0.2171619518383129,12.161290322580646,193126.9433962264,166012.21875,4.253937752016129,2,3
209,13.223880767822266,903.4166666666666,0.1946852207183838,2636.181818181818,0,37.57142857142857,33641.473015873016,9091.767578125,1.0137620293547844,2,5
210,47.402366638183594,1891.8,0.1016443411509196,4725.25,0.0126750840224497,36.04644808743169,131282,106776.6171875,2.9683324261441255,2,5
211,35.7159423828125,1322,0.3016165494918823,4643,0.931799825032552,7.714285714285714,58340.50961538462,1424.72265625,0.5213928903852191,-9999,-807
212,11.393665313720703,828,0.2081699882234846,2251.4545454545455,7.0421092097728e-4,59.73087071240106,133631.34384858044,21042.8828125,0.26347057171421506,2,4
213,40.57988357543945,1338,0.15413305163383484,4045,16.359674914129847,0,60605.668269230766,261117.171875,0.803180285862514,-9999,-807
214,40.57988357543945,1280,0.1648089736700058,4180,16.2426025390625,0.25,56592.543269230766,42454.44140625,2.55261492729187,-9999,-807
215,10.873873710632324,768,0.1879550665616989,2519.3,0,269.024,161545.1337579618,21430.916015625,0.24958349609375,2,4
216,15.152363777160645,873.0909090909091,0.2217369079589844,2620.1,0,34.460916442048514,56259.1473354232,7125.6826171875,0.9031307909366576,2,5
217,9.101573944091797,583,0.20726823806762695,2156.3636363636365,0.00292721130970074,48.462765957446805,88822.67307692308,27296.623046875,0.19733601428092795,2,2
218,-9999,1925,0.1721256971359253,1878,2.106070556640625,0.09090909090909093,1380.3641493055557,32585.66796875,1.541128158569336,2,-9999
219,7.830056190490723,623.7,0.19602875411510468,1662,0,63.00804289544236,36405.252396166135,4966.0595703125,0.3053525459350913,2,2
221,46.51420593261719,1785,0.2503777821858724,4502.4,0.00522862141098364,142.3123287671233,32041.60450160772,3317.747802734375,0.33452054376471535,-9999,5
222,42.5,2043,0.04034319519996643,3669,0.7787430326817399,0.4666666666666667,202620.20833333337,28274.283203125,2.059965133666992,2,-807
223,35.12753677368164,1299,0.29297876358032227,4217,0.4461240935743901,59.6875,135153.21875,14622.87890625,0.3504372239112854,-9999,6
224,42.581581115722656,2008.2,0.09589831829071044,3722.3,0.00740892084884386,24.016042780748663,199724.2405063291,42271.0078125,2.706243504814923,2,3
225,58.0782585144043,2378,0.08096067607402802,2147,11.176692708333333,0,5165.701349431818,311145.09375,0,2,-807
226,42.5,2069,0.04430526122450828,3851,2.4634367290296053,0,198661.89583333337,64459.30859375,3.0306998661586215,2,-807
227,40.27055740356445,1965,0.15839526057243347,3396,0.23264822466620083,0.7142857142857143,165074.67857142858,3028.75,2.6289893559047153,2,3
228,37.3547477722168,1523.6666666666667,0.3685750961303711,4692.888888888889,0,550.6630434782609,330332.3729903537,1971.7027587890625,0.14883409375729767,1,6
229,35.7159423828125,1322,0.24171625077724457,4643,1.5716747415476833,8.333333333333334,59967.58653846154,4070.733642578125,0.3913728713989258,-9999,-807
230,13.20639991760254,849.8,0.1845982245036534,2639.1,0,93.46361185983828,9462.20382165605,12047.142578125,0.265122467616819,2,5
231,35.914833068847656,1526,0.28286439180374146,5067,0,265,331098.6923076923,5164.052734375,0.45297510283333914,1,5
232,58.0782585144043,2378,0.08096067607402802,2147,11.413161214192709,0,4825.424479166667,319397.21875,0,2,-807
233,35.7159423828125,1181,0.14466910064220428,3088,26.30695718021716,0,57984.151041666664,113081.4140625,1.9276222229003903,-9999,-807
234,47.402366638183594,1698,0.04152347892522812,3630,0.8947648673221983,0.5,151788.7857142857,137464.40625,2.274557794843401,2,-807
235,38.24444580078125,1283,0.38195219039916994,4743.444444444444,0.01070858017215883,80.52588555858311,18076.533123028392,30701.15234375,1.1114408820461512,-9999,-801
236,36.7579460144043,1498,0.13923582434654236,3069,4.096925406620421,0.07142857142857142,117057.84090909093,43089.6875,0.49914945874895367,1,-807
237,40.91843032836914,1380,0.3537176549434662,4778,0.4683923040117536,2.142857142857143,92832.30769230767,909.500244140625,0.4190950393676758,-9999,5
238,44.48732376098633,1520.4444444444443,0.3435882500239781,4018.9,0.00131197134222395,155.4108108108108,62971.136507936506,6166.4404296875,0.26450304598421664,-9999,-801
239,35.7159423828125,1181,0.14466910064220428,3088,20.62257122171336,0,59778.17307692308,118796.3046875,0.6126269698143005,-9999,-807
240,40.91843032836914,1367.8,0.36908021569252014,4431.2,8.4133899730184e-4,95.08086253369272,118171.11254019292,17327.822265625,1.7811953809383425,-9999,-801
241,36.56145095825195,1399.75,0.38297144571940106,4657.9,0,67.41621621621621,189431.8738170347,2278.3447265625,0.1647081117372255,1,5
242,42.5,2069,0.04430526122450828,3851,2.0758277629983835,0,198491.10714285713,45779.921875,3.100010735648019,2,-807
243,47.402366638183594,1712,0.0807986930012703,3736,0.00914563598303959,8,150662.18181818182,443.31451416015625,1.4552319390433175,2,5
245,42.5,1800.4,0.07823999226093292,3476.7,0.03419172699387009,9.010752688172044,175575.89808917197,142746.03125,1.1920016709194388,2,4
246,57.6485710144043,2643,0.0799097865819931,2810,8.75567100787985,0,3935.707331730769,83368.984375,0,2,-807
247,50.90056610107422,1802,0.23722052574157715,3040,0.4654330220715753,42.714285714285715,12556.069602272728,75583.59375,0.261767966406686,-9999,-807
248,35.85752868652344,1355.4,0.3332649639674595,3828.777777777778,0.00723059086695961,89.70698924731182,46510.92405063291,7106.4697265625,1.5160430580057125,-9999,4
249,35.85752868652344,1295.8333333333333,0.29269336064656576,4123.4,0.01421055920012371,26.19672131147541,48353.308681672024,10900.9365234375,0.6834199415530012,-9999,4
250,58.0782585144043,2524,0.07472863793373108,1466,12.26366973341557,0,2448.183035714286,275876.75,0,2,-807
252,11.393665313720703,905.0909090909092,0.2163775818688529,2448.2,0.00960806269310788,32.154666666666664,139913.7891373802,32136.390625,3.4478154296875,2,4
253,35.37437057495117,1658.2,0.26412762006123863,3595.2,0,215.22371967654988,90567.09206349206,2089.37890625,1.2580322923685985,1,5
254,15.152363777160645,898,0.18187980353832245,2495,0.34669385637555805,5.615384615384615,69382.20535714286,4206.416015625,0.39535852578970104,2,5
255,39.26229476928711,1254,0.2863525450229645,4323,1.156653969974841,100.21428571428572,173486.26785714287,41880.515625,0.40711651529584614,-9999,-807
256,42.581581115722656,1985,0.05378256365656853,3735,0,2.357142857142857,218159.79545454544,1487.9869384765625,1.4101058415004186,2,4
257,44.97222137451172,1429,0.31525090762547087,3861.555555555556,0,110.61035422343323,111851.9873015873,2249.525390625,1.004487580759324,-9999,-801
258,50.90056610107422,1771,0.2398003935813904,3040,1.611447488107989,31.428571428571427,10653.712239583334,47327.5078125,0.28569184030805317,-9999,-807
260,37.84726333618164,1368,0.217771515250206,4259,0.4135873438948292,121.46666666666668,257352.25,32347.25,0.25223541259765625,1,-807
261,55.764705657958984,2194.1,0.14999419450759888,4456.916666666667,0.04769986763052108,62.184065934065934,60517.06329113924,294603.84375,1.7972361805674797,2,4
262,-9999,1973,-9999,333,0,109.75,1249.932477678571,186.6522979736328,0.04439146320025126,-9999,-9999
263,39.26229476928711,1254,0.2863525450229645,4323,1.2265096028645834,101.5625,173426,55526.1171875,1.2166404724121094,-9999,-807
264,41.514286041259766,1388.2,0.31980346043904623,4153.166666666667,0.00632107540329485,46.414438502673796,148288.0761904762,3675.34228515625,0.5061105330360127,-9999,5
265,55.764705657958984,2214,0.08030274510383606,3851,0.07130051510674613,12.375,83259.55357142857,10732.97265625,1.232194423675537,2,4
266,34.9431266784668,2308.8,0.42543227331978933,4427.3,0,151.83333333333334,157811.50788643534,26538.974609375,3.6582740045362905,2,2
267,12.617053985595703,844.2222222222222,0.2340670903523763,2538.4444444444443,0.00645997263965236,50.315363881401616,100528.26031746031,50374.6640625,0.15897929764822166,2,5
268,47.402366638183594,1689,0.05232525244355202,4223,0.7923500696818034,23.533333333333335,125934,77783.125,2.647167460123698,2,3
269,37.324806213378906,1738.7,0.291270383199056,4116.5,0,270.92225201072387,116636.05111821086,6393.369140625,4.7755496763991285,2,-809
270,58.0782585144043,2524,0.07472863793373108,2224,10.798030308314733,0,1409.2879083806818,162725.09375,0,2,-807
271,12.522293090820313,1128.1666666666667,0.17094224294026691,2744.909090909091,0,87.424,107259.9493670886,56935.17578125,2.7431637369791666,2,4
272,40.57988357543945,1338,0.15413305163383484,4045,17.468526905980603,0,61131.53409090909,305521.125,0.7966591119766235,-9999,-807
273,47.402366638183594,1726,0.03492193669080734,3532,1.0156012217203776,0.06666666666666667,160184.42307692306,45723.65625,1.4391647338867188,2,-807
274,40.57988357543945,1429,0.3681936264038086,4671.4,0.01047097485081679,28.956639566395665,68475.06962025317,30364.63671875,1.0298316355966295,-9999,-801
275,55.764705657958984,2090.7,0.14988694872174943,3944.1,0,91.96730245231608,68358.98089171975,4669.6875,1.59371806880109,2,-801
276,26.9865779876709,1590.1666666666667,0.32505570139203754,3695.5,0,228.91803278688525,143792,1538.593994140625,2.6696597240010247,5,3
277,35.914833068847656,1501.3333333333333,0.33676967620849607,4542.272727272727,0,216.38524590163937,284763.6549520767,8647.51171875,0.253737110909217,1,5
278,12.522293090820313,1015.6666666666666,0.15425981794084823,2847.1111111111113,0,44.64784946236559,86822.80769230769,41770.734375,2.6865071942729335,2,4
279,40.91843032836914,1406,0.4084007441997528,4385.555555555556,0.00357353087185191,44.10752688172043,86549.94871794872,15631.037109375,1.945830806609123,-9999,-801
281,58.0782585144043,2022.5,0.23617475827534992,4361.75,0.01231960110042406,38.20810810810811,23372.41904761905,11251.1923828125,0.39737416860219593,2,4
282,58.0782585144043,2643,0.0799097865819931,1466,14.83443263319672,0,3231.9508928571427,236363.546875,0,2,-807
283,58.0782585144043,2524,0.07472863793373108,2224,9.95134980799788,0,1482.2100694444443,126762.6953125,0,2,-807
284,35.914833068847656,1499.909090909091,0.33542229334513346,4488.1,0,243.0461956521739,300127.13099041535,4043.434814453125,0.7272374526314114,1,5
286,37.95486831665039,1560,0.21287795901298523,3652,0.4257336344037737,1.1333333333333333,143257.06818181818,43594.52734375,0.4858967463175456,1,-807
287,35.692527770996094,1366.4,0.31504815419514975,4353.555555555556,0,123.71657754010695,201775.6835443038,4471.0732421875,0.15986698579023229,1,5
288,42.581581115722656,2157.2,0.13270978416715348,3977.3,0,55.39945652173913,205080.7111111111,29078.505859375,3.0516984359077783,2,3
289,11.393665313720703,823,0.18321184813976288,2438,0.10589276590654928,14.066666666666666,150024.17307692306,6262.39697265625,3.695917256673177,2,2
291,46.51420593261719,1706.6,0.25985213688441683,4428.666666666667,0.00749441463014353,80.38172043010752,25184.973101265823,3145.11279296875,0.25667229519095475,-9999,5
292,57.6485710144043,2643,0.0799097865819931,2810,8.684280654131356,0,3063.9170673076924,98541.7734375,0,2,-807
293,35.7159423828125,1261,0.13904230296611786,2429,20.32320556640625,0,62830.875,306485.25,0.5712121214185443,-9999,-807
295,40.57988357543945,1388.5,0.34051033428737093,4662.083333333333,0.00273852555086296,59.994594594594595,37456.206349206346,27248.14453125,1.7134909140097128,-9999,3
296,42.5,1797,0.04865598306059837,3417,0.6986383806195176,0.25,176620.73076923078,16128.58203125,1.36797297000885,2,4
297,58.0782585144043,2023.9,0.19344472885131836,3903.444444444444,0.00531152946043434,92.81182795698923,19860.48717948718,42710.5390625,0.3232084089709866,2,4
298,37.5639533996582,1324.8333333333333,0.3636859059333801,4489.9,0,97.74393530997304,244493.18849840257,6388.1328125,0.23701240560115183,1,6
299,35.7159423828125,1181,0.16009853780269623,3088,15.637194233555949,0,62026.59615384616,128989.15625,0.7547441891261509,-9999,-807
300,58.0782585144043,2378,0.08609534800052643,2147,8.257329305013021,0,5093.202769886364,85412.84375,0,2,-807
301,38.24444580078125,1373,0.3301713466644287,4598,0.2915101369222005,73.06666666666666,35893.39182692308,1897.79638671875,0.7805672963460286,-9999,4
302,19.085657119750977,1080.1666666666667,0.3946968078613281,3186.8333333333335,0,173.60270270270271,165038.3596214511,3641.080810546875,1.299936325485642,2,1
303,47.402366638183594,1662.1,0.08659664789835612,3767.555555555556,0.04202928214237608,20.06417112299465,143699.46325878595,68773.484375,2.424477317116477,2,4
304,35.7159423828125,1181,0.1604199260473251,2429,15.89643314906529,0,63766.77272727273,278707.3125,0.5814951658248901,-9999,-807
305,55.764705657958984,2091.6666666666665,0.0921483039855957,4569.75,0.15429969534489782,34.240437158469945,102060.24050632912,192172.625,4.351728595671107,2,3
306,55.764705657958984,2121,0.14598646759986875,4473,0.3122439043862479,33.75,50966.90384615384,191.95660400390625,1.1135133504867554,2,4
307,37.71084213256836,1259.6,0.37397193908691406,4707.8,0.00699623144290102,357.92622950819674,298324.25641025644,1822.5159912109375,0.23627576150529372,-9999,-809
308,59.2621955871582,2395,0.08812224864959717,3840,2.8781932248907576,0,53264.170454545456,142479.625,1.30108220236642,2,-807
309,47.402366638183594,1698,0.04152347892522812,3630,1.0212432225545247,0.2,151546.78846153847,99788.8359375,1.6432718912760416,2,-807
311,35.7159423828125,1181,0.14466910064220428,3088,27.52759209994612,0,59562.28846153846,190895.453125,0.6935550570487976,-9999,-807
312,37.324806213378906,1591,0.2535988688468933,3135,0.3940751350532144,146.4,93785.57954545454,673.72607421875,1.088890838623047,2,5
313,37.652305603027344,1385.6666666666667,0.41283639272054035,4478.555555555556,0.01200337772784025,97.13709677419357,131687.20257234728,4242.466796875,0.3188123395366053,-9999,6
314,58.0782585144043,2643,0.0799097865819931,1466,9.96373087565104,0,4187.383928571428,107974.1640625,0,2,-807
315,15.152363777160645,832.3,0.2213625609874725,2722.1666666666665,0.00303541038917423,70.3529411764706,42708.671974522294,6936.99853515625,0.7984296013327206,2,4
316,19.15116310119629,842.8,0.32451102137565613,3008.8,0.0021231761714756,75.85106382978724,107842.58146964856,7706.0341796875,0.8531458428565492,2,4
317,24.348657608032227,1324.6,0.3463129043579102,3146.6666666666665,0,144.6829268292683,173210.58974358975,1928.010498046875,0.9652701690591124,2,5
318,14.841529846191406,918.6,0.33324400583902997,2834.7,0.00345562094001359,103.75338753387534,149239.1794871795,9547.5771484375,1.6280224807863313,2,5
319,58.0782585144043,2524,0.07472863793373108,1466,14.975995597192796,0,2143.02734375,236365.03125,0,2,-807
320,58.0782585144043,2643,0.0799097865819931,1466,15.72967634529903,0,3326.4659598214284,266727.1875,0,2,-807
321,45.55270767211914,1731.4166666666667,0.24194025993347168,4247.25,0,225.32152588555857,45431.442307692305,1214.135498046875,0.44716363641806456,-9999,-801
322,35.7159423828125,1181,0.14466910064220428,3088,24.10900450589364,0.0625,57865.171875,54308.7421875,1.4164865016937256,-9999,-807
323,12.522293090820313,1076.090909090909,0.1764932700565883,2705.1,0.00205045428505555,58.21798365122616,101622.13924050632,55875.21484375,1.937817316289169,2,4
324,37.3547477722168,1476,0.24397872388362885,4697,0.2822509515480917,427.2142857142857,363382.9166666667,16649.00390625,0.31440939222063335,-9999,6
325,50.00284194946289,1997,0.18604952494303387,4039.3,0.00117005079924132,200.26756756756757,99721.37974683545,3993.9765625,1.4453700709987332,-9999,-801
326,40.57988357543945,1280,0.1648089736700058,4180,11.773526551293545,0,56782.78125,55878.96484375,2.7114334106445313,-9999,-807
327,40.53333282470703,1495.2222222222222,0.3864360536847796,4244,0,141.3306010928962,130375.67295597483,589.0455322265625,1.014893578701332,1,5
328,45.55270767211914,2026,0.2227735678354899,3897.555555555556,0,219.7669376693767,61023.66134185303,1142.246826171875,0.3654711136649941,-9999,-801
329,35.692527770996094,1370.0833333333333,0.33405478795369464,4619.416666666667,0,113.58870967741936,196554.36655948553,3954.669189453125,0.22163487506169144,1,5
330,62.77460479736328,1820,0.168956458568573,4313,0.884872805687689,0.35714285714285715,6958.532366071428,3184.245361328125,0.895881107875279,2,4
331,58.0782585144043,2096,0.1687404364347458,4151,0.5447131189806708,23.428571428571427,42995.50961538462,40222.91015625,0.33973721095493864,2,4
332,23.79051399230957,1057,0.3046783208847046,3521,0.09508283138275146,7.866666666666666,131668.17708333334,132.4520263671875,5.946737670898438,2,1
333,13.736089706420898,906,0.17608842253684998,2685,1.0140593744093371,0.07142857142857142,137540.13461538462,57558.17578125,0.1622060707637242,2,5
334,47.402366638183594,1701.909090909091,0.07751140594482422,3721.3,0.08003695622923895,13.065573770491802,152043.38461538462,204243.9375,1.089877852976648,2,5
335,36.7579460144043,1498,0.15240076184272766,3069,4.20696271052126,0,115998.25,41271.8125,0.5019681294759114,1,-807
336,36.56145095825195,1435,0.43866920471191406,4464,0,142.82432432432432,163856.25316455695,1541.646728515625,0.2633872367240287,1,-801
337,11.652567863464355,841.75,0.21358999184199745,2140.090909090909,0.00179825548975963,84.16935483870968,113340.43037974685,21814.619140625,0.09818384724278605,2,5
338,37.640865325927734,1287.2,0.4138856274741037,4422.111111111111,0,432.0326086956522,299175.6971608833,1823.96728515625,0.23268289151399033,1,-801
339,42.5,1829.7,0.0893707126379013,3443,0.00166430734652466,23.050938337801608,178036.82278481012,125055.203125,0.8425139971776558,2,4
341,34.740333557128906,1338.5,0.4178627218518938,4132.777777777777,0.00565925814800765,130.81842818428186,78971.56190476191,12114.048828125,1.001649603288025,-9999,5
342,36.7579460144043,1493.3333333333333,0.2144010066986084,3245.75,0.04813851706914272,25.194666666666667,129769.48101265825,11563.9189453125,1.1148174641927084,1,-807
343,58.0782585144043,2643,0.07472863793373108,1466,15.176417300575658,0,3375.282645089286,312426.53125,0,2,-807
344,30.227991104125977,1525.5,0.366645131792341,3657.3333333333335,0,110.6267029972752,168940.1635220126,2075.987060546875,3.975541366868188,2,4
345,58.0782585144043,2643,0.0799097865819931,1466,15.689010620117188,0,3060.8951822916665,282639.15625,0,2,-807
346,34.9431266784668,2105.2,0.1339767138163249,3695.25,0.00220177896290573,28.286103542234333,199820.2920634921,32370.49609375,2.614051590173706,2,3
347,55.764705657958984,1988,0.04471787437796593,4760,2.5206140790666853,0.15384615384615383,95495.67307692308,152662,2.3046173682579627,2,-807
349,44.5058479309082,1574.6,0.34881483713785805,3906.181818181818,0,119.0136612021858,87895.48881789137,2835.808349609375,0.6074084922915599,-9999,5
350,47.402366638183594,1658,0.07376689910888672,3912.9,0.04808329567363638,14.134048257372656,152655.41587301588,208433.46875,1.839499793167728,2,4
351,13.62778663635254,1006.3333333333334,0.16418840203966414,2906.5833333333335,0.00301537115039634,52.76819407008086,79951.98734177215,28166.8671875,4.498798051613039,2,1
352,15.235610961914063,889,0.17260584235191345,2509,8.320680236816406,0.6,85448.23863636363,19567.2734375,1.031170908610026,2,-807
353,36.98813247680664,1338,0.2108125239610672,4273,0.07539694188004833,63.285714285714285,230234.91666666663,11064.052734375,0.13161214760371617,-9999,5
354,38.24444580078125,1340.5,0.423001766204834,4650.222222222223,0.01285044481700889,102.3125,39230.19292604502,28926.9140625,0.900808748991593,-9999,4
355,42.5,1811.8,0.04560183103267963,3747.6,0.01024838490949062,15.842818428184282,181949.16455696203,113812.03125,4.007518075669038,2,3
356,11.610509872436523,1096,0.2764463424682617,2846,0.8582301961964575,1.6875,128792.34615384616,3318.421875,2.5022478103637695,2,4
357,40.57988357543945,1280,0.1648089736700058,4180,11.91360023373463,0.13333333333333333,56178.78125,37345.10546875,2.8161410013834636,-9999,-807
358,39.24359130859375,1928.5833333333333,0.39170831044514975,3926,0,62.62330623306233,114466.28571428572,7886.24658203125,2.8369401967945462,2,4
359,39.36774063110352,1279,0.33629941940307617,4197.4,0.03310751850013837,162.44324324324324,153073.2907348243,12784.484375,0.31518633043443833,-9999,5
360,13.223880767822266,927,0.1548432558774948,2594,0.8050414403279622,1.8571428571428572,40917.97159090909,44625.1015625,0.5688467025756836,2,-807
362,62.77460479736328,2040,0.14522412419319153,4300,2.042708079020182,12.125,16064.944010416666,61064.96875,4.965173721313477,2,3
363,58.0782585144043,2310,0.1217355951666832,2224,6.071758015950521,10.384615384615383,1387.0333533653843,27439.39453125,0,2,-807
364,42.5,1713.7,0.05614405473073324,3773.181818181818,0.02120114597942153,12.894021739130435,166862.4203821656,135145.6875,2.243972114894701,2,4
365,34.9431266784668,2131.090909090909,0.13546185195446014,3831.4166666666665,0.00571082976120376,28.58288770053476,197124.7238095238,86126.0546875,3.5206563205005015,2,3
366,43.902313232421875,2038.8181818181815,0.07215477526187897,4188.833333333333,0.02948292936412945,29.954301075268816,213597.09779179812,90832.3984375,4.280063752205141,2,3
367,40.27055740356445,1852,0.0991254225373268,3886,0.10600414276123046,25.866666666666667,165546.48863636365,945.12939453125,2.6885726928710936,2,4
368,11.393665313720703,869,0.16578461229801178,2083,2.359110945362156,0.2,109763.6875,182042.109375,0.5248000780741374,2,-807
369,41.514286041259766,1300,0.3195461205073765,4220.090909090909,0,88.90735694822888,126712.29299363056,1675.8426513671875,0.6123749527684349,-9999,5
370,40.57988357543945,1361,0.18554958701133728,4655,6.934303658907531,0,64677.11607142857,66951.609375,0.8176484789167132,-9999,-807
371,36.7579460144043,1492.6,0.2075749124799456,3315.5,0.2108507625813912,20.842245989304818,123402.68370607028,136037.1875,0.9402616776247076,1,-807
372,15.152363777160645,804.7,0.2336350849696568,2668.4,0,50.75268817204301,73222.6835443038,24019.546875,1.0041507187710013,2,4
373,62.77460479736328,1897,0.1905837059020996,4565,1.52454465230306,3.466666666666667,15823.181490384615,3146.78125,2.123731486002604,2,-807
374,40.57988357543945,1314.2,0.33509056908743723,4604.3,1.003856958735603,17.997260273972604,48415.67307692308,80082.2578125,1.777990889875856,-9999,-807
375,-9999,1575,0.2118725478649139,1543,1.047143485329368,2.0714285714285716,2027.6379616477273,42365.56640625,0.1849146154191759,2,5
376,40.57988357543945,1338,0.15413305163383484,4045,13.87328785863416,0,60389.875,239829.390625,0.995861562093099,-9999,-807
377,23.79051399230957,1149.6363636363635,0.4061774473923903,3325.4166666666665,0,68.41144414168937,141440.7564102564,2733.21728515625,3.260650717919789,2,4
378,36.262996673583984,1338,0.35240527987480164,4581,0.08062451226370675,144.2,171467.2142857143,288.542724609375,0.0616231640179952,-9999,6
379,58.0782585144043,2643,0.10201852023601532,1466,24.35774287471065,0,1570.2509014423076,173257.3125,0,2,-807
380,47.402366638183594,1727,0.03492193669080734,2720,2.5389517507245465,0.13333333333333333,155795.98958333334,102587.25,1.7907740275065105,2,-807
381,36.47013092041016,2021,0.3022669851779938,4102,0,37.5,161805.32692307694,713.1173095703125,1.765054566519601,2,4
382,40.57988357543945,1280,0.15413305163383484,4045,17.793052798411885,0,59118.19711538462,263428.25,0.8442591349283854,-9999,-807
383,42.581581115722656,1986,0.05923222377896309,3471,0,4,211996.125,1300.0777587890625,4.34344482421875,2,4
384,51.96783447265625,2065,0.1093977987766266,4875,0.06343364715576172,9.066666666666666,107093.22727272728,496.2263793945313,3.47506332397461,-9999,3
385,43.33333206176758,1749,0.22413915395736697,4401,0.162303768220495,107.93333333333334,79178.33173076923,1326.73291015625,1.259269078572591,-9999,4
386,39.24359130859375,1929,0.3033871352672577,4110,0,80.64285714285714,117995.10714285714,595.6322021484375,0.7412659781319755,2,3
387,44.48732376098633,1490,0.3276791572570801,3890,0.4470571611748367,143.85714285714286,76984.53977272728,515.37310791015625,0.8528622218540737,-9999,-807
388,13.736089706420898,872.8888888888889,0.24269483983516693,2513.9,0,59.048,100298.47619047618,27874.046875,0.21005265299479167,2,5
389,35.7159423828125,1261,0.2175653725862503,2429,10.005838012695312,0,65620.81818181818,126561.8046875,0.499216045652117,-9999,-807
390,11.393665313720703,896,0.13617002964019775,2249,3.9959538777669272,0.8,107424.47321428572,23526.1640625,2.103632100423177,2,-807
391,36.56145095825195,1275,0.2634478807449341,4071,1.2946309407552083,2.7857142857142856,205870.41666666663,33788.69921875,0.194156323160444,1,-807
392,35.7159423828125,1327.7,0.35674362182617186,4617.888888888889,0.08326349277793352,28.264305177111716,82987.75949367089,66748.7578125,1.0354539419065054,-9999,-807
393,32.765689849853516,1491.8,0.33579836572919575,3408.4444444444443,0.17771097270626263,158.43699731903484,249395.08681672023,3144.824951171875,1.0892591706549517,2,5
394,58.0782585144043,2587,0.10201852023601532,-9999,24.78080692997685,0,1177.6082356770833,118678,0,2,-807
395,39.36774063110352,1294.111111111111,0.27546160561697824,4127.1,0.568883280851403,141.18904109589042,165541.28253968255,16667.28125,0.33626025474234805,-9999,5
396,38.24444580078125,1275.8,0.2928546496800014,3689.3,0.00499809232808775,83.68937329700273,18029.17307692308,32079.3359375,1.3360642269456744,-9999,4
397,39.17091751098633,1771,0.24437275528907776,3402,0.2789098103841146,48.53333333333333,1623.3466045673076,31774.90234375,0.08781970342000325,1,6
398,15.235610961914063,914,0.2118137627840042,2509,3.172246472588901,0,88136.30681818182,47506.7421875,0.8153423581804548,2,-807
399,36.289398193359375,1204,0.27975890040397644,4683,0.04487366922970476,32,232779.7307692308,452.1647033691406,0.1280942984989711,1,6
400,58.0782585144043,2282,0.08096067607402802,2957,8.714154052734376,0,4775.284040178572,131835.75,0,2,-807
401,42.5,2016,0.03336325287818909,4039,1.960216776529948,0,196948.07692307697,32588.794921875,2.5540948595319475,2,-807
402,52.88695526123047,1843.3,0.26193548838297526,3760,0.01220811876200013,239.172131147541,55032.284810126584,807.95953369140625,0.1402953934799778,-9999,-801
403,36.98813247680664,1259.5555555555557,0.3863992009844099,4507.2,0,222.3763440860215,233726.55483870968,2050.28857421875,0.13883216406709403,1,-801
404,43.902313232421875,1951,0.08872736990451813,4127,0.0849676670566682,3.857142857142857,209300.23214285713,2923.58544921875,1.9018818991524833,2,4
405,37.05741882324219,1628.4444444444443,0.24068765342235565,3411.3333333333335,5.3811913829738e-4,90.10054347826087,155552.13924050634,3352.15625,0.8290130781090778,1,5
406,13.736089706420898,886.75,0.1896853764851888,2521.0833333333335,0,40.592,131640.47949526814,63292.5625,0.15783084106445314,2,5
407,59.2621955871582,2309,0.08812224864959717,3765,2.4229661372669957,0,54720.682692307695,170202.09375,1.0026633739471436,2,-807
408,36.56145095825195,1240,0.2744101285934448,4314,2.159216708824282,1.1333333333333333,205391.7272727273,44710.96875,0.23603270848592123,1,6
409,36.46136474609375,1585.6,0.27585506439208984,3427.777777777778,0,190.4850136239782,226394.4358974359,8496.6513671875,3.1013416425408717,1,4
410,12.617053985595703,847,0.2672502398490906,2595,0.06545105775197348,47.375,98740.1153846154,2362.39013671875,0.08563072979450226,2,5
411,42.5,1998,0.0733678936958313,3637,0.01444769203662872,3.2142857142857144,208387.20454545456,2834.59375,1.6811339514596122,2,-997
412,40.57988357543945,1280,0.15413305163383484,4045,17.35474790375808,0,59782.916666666664,266776.8125,0.7025012969970703,-9999,-807
413,58.0782585144043,2643,0.0799097865819931,1466,16.446927430199796,0,2535.3885216346152,252827.375,0,2,-807
414,40.57988357543945,1280,0.15413305163383484,4180,23.214081862877155,0,58926.09659090909,274235.3125,0.8768436908721924,-9999,-807
416,41.514286041259766,1397,0.2392454445362091,4464,0.2508086681365967,4.714285714285714,131863.88461538462,523.63671875,0.6676069668361119,-9999,6
418,36.56145095825195,1240,0.2744101285934448,4180,1.6496774037679036,1.8,206962.6923076923,29873.337890625,0.2831064860026042,1,6
419,38.1475830078125,1675.8,0.3002525738307408,3662.4166666666665,0,40.42432432432432,17024.031545741323,1382.432861328125,1.6207795014252533,1,4
420,55.764705657958984,2286,0.13496002554893494,4651,0.04717077016830444,26.466666666666665,71315.51923076923,252.34278869628903,3.048608652750651,2,3
421,15.235610961914063,914,0.17260584235191345,2509,7.212564928778287,0,86380.58928571429,52730.2734375,1.0458602905273438,2,-807
422,47.402366638183594,1727,0.03492193669080734,3149,1.5971310264185856,0.5625,155696.90625,50678.92578125,1.9952484369277952,2,-807
423,12.365591049194336,891.4,0.1469294003077916,2360.7,0,153.59625668449198,155901.16129032258,20625.82421875,0.13119282441980698,2,5
424,55.764705657958984,2250,0.08983253687620163,4416,0.5770037376274497,25,65637.90625,183641.84375,2.419442653656006,2,4
425,39.33587646484375,1558,0.19662143290042877,3566,0.5616824501439145,1.6666666666666667,28772.27556818182,672.560302734375,3.0517791748046874,1,4
426,62.77460479736328,1787,0.1858193278312683,4330,0.6490989818907621,3.533333333333333,8568.388221153846,2785.72705078125,3.3236109415690103,2,-801
427,42.581581115722656,1969.3333333333333,0.06889996161827674,3717.0833333333335,0.0024185966783548,20.349462365591396,208383.88498402556,41459.71484375,2.6086617746660785,2,4
428,35.7159423828125,1181,0.13904230296611786,2429,20.642923289331897,0,62899.34090909091,286615.84375,0.5890287671770368,-9999,-807
429,51.96783447265625,1897,0.10376149415969849,4820,0.1338716168557444,12.357142857142858,116047.73863636365,982.1611328125,1.8042351858956471,-9999,4
430,36.289398193359375,1293.3,0.3295849391392299,4629.75,2.2243938127937e-4,149.45698924731184,234697.50943396223,5073.56298828125,0.12754005514165406,1,5
431,35.85752868652344,1568,0.3400792734963553,4514.916666666667,0,135.4959349593496,85015.08227848102,6445.859375,2.635374322493225,2,-801
432,15.235610961914063,920.6666666666666,0.203300803899765,2586.5,0.8950205934414742,12.994652406417112,82317.09206349206,587657,1.4885812035218915,2,-807
433,35.7159423828125,1181,0.14466910064220428,3088,25.75487638774671,0,57984.15625,115224.6015625,2.0019307136535645,-9999,-807
434,34.740333557128906,1209,0.3587195873260498,3741,0.4206813943797144,104.42857142857144,88308.79545454546,25172.23046875,0.92640563419887,-9999,-807
435,39.26229476928711,1335.5,0.37298002243041994,4203.3,0.00355396193006764,176.77445652173913,163401.61022364217,3229.742431640625,0.2567662156146506,-9999,-801
436,34.740333557128906,1259,0.2825961410999298,4482,1.0166479854260462,40.266666666666666,47068.04807692308,22581.09375,0.7123394648234049,-9999,5
437,58.0782585144043,2643,0.0799097865819931,1466,14.162345511014344,0,3106.161658653846,232432.125,0,2,-807
438,47.402366638183594,1628.7777777777778,0.10896217028299968,4018.8888888888887,0.06473528820535411,61.307277628032345,119946.84444444445,94117.828125,2.580524619377527,2,4
439,11.393665313720703,907,0.16578461229801178,2249,2.734673817952474,0.21428571428571427,110435.07692307692,128192.3046875,1.455568586077009,2,-807
441,40.57988357543945,1373.6666666666667,0.4082848866780599,4268,0.00676970968441087,99.89402173913044,69172.27936507936,10289.455078125,2.0621865313986074,-9999,4
442,47.402366638183594,1648.8,0.10289907455444336,4090.7,0.03042023490229085,68.91256830601093,123019.22044728434,79804.96875,3.5018810835040983,2,3
443,6.266296863555908,418,0.1370891034603119,2267,0,100.57142857142856,4913.162259615385,2965.778076171875,0.30322265625,5,2
444,41.514286041259766,1391.6,0.29831160817827496,4167.222222222223,0.1057190586290314,36.55826558265583,135636.8662420382,130490.9609375,0.5739768837202532,-9999,6
445,58.0782585144043,2310,0.16546370089054108,3665,1.0042081560407363,7.875,3445.5372596153848,28229.806640625,0,2,-9999
446,40.57988357543945,1280,0.1648089736700058,4180,12.532527528960127,0,56908.47115384616,58972.1796875,2.6326568603515623,-9999,-807
447,40.57988357543945,1338,0.18554958701133728,4045,11.801227507044056,0,63414.795454545456,184478.90625,0.8646598543439593,-9999,-807
448,35.85752868652344,1367,0.2226860374212265,3969,1.1495128631591798,0.9333333333333332,55969.046875,71243.8125,0.51200958887736,-9999,5
449,43.902313232421875,2078.1111111111113,0.07663106918334961,3980.2,0.2797756246758024,12.208672086720869,200874.2820512821,170238.28125,1.6777844932990345,2,-807
450,8.035714149475098,580,0.15693962574005127,1685,1.3540823618570963,2.3125,90317.375,67676.71875,0.18858949840068817,2,-807
451,12.617053985595703,861.4,0.20671936869621277,2388.5,5.7465373710207616e-5,87.19251336898395,114285.14469453377,29815.072265625,0.11626240531391,2,5
452,11.393665313720703,799.2,0.2431609332561493,2381.9,0,59.831550802139034,151331.47936507937,21406.029296875,0.2706531381862049,2,4
453,55.764705657958984,2070,0.04471787437796593,4760,1.6389956716763772,1.0714285714285714,94298.59615384616,67042.8671875,2.2218870435442244,2,-807
454,15.235610961914063,889,0.2118137627840042,2509,4.242452330508475,0.6428571428571429,87479.45454545454,17694.810546875,1.0069333485194616,2,-807
455,11.610509872436523,1036.5,0.24520727566310335,2594.2727272727275,8.1702604479562e-4,39.97866666666667,116214.33333333331,151419.96875,2.257060546875,2,4
456,39.26229476928711,1254,0.2863525450229645,4323,1.286597021694841,100.33333333333331,172902.32142857142,48693.1953125,1.07825927734375,-9999,-807
457,47.402366638183594,1727,0.03950145095586777,2720,0.45193645871918775,0.14285714285714285,157775.86458333334,52580.328125,2.5310846056256975,2,-807
458,57.6485710144043,2533,0.09935300797224043,2561,1.2675511678059896,6.25,1844.29296875,3414.76708984375,0,2,-807
459,36.7579460144043,1498,0.13923582434654236,3069,3.696319580078125,0.125,117253.59615384616,48518.984375,0.47742635011672974,1,-807
461,57.6485710144043,2643,0.0799097865819931,2810,9.300823343211206,0,4078.7327473958335,94226.78125,0,2,-807
462,41.514286041259766,1384,0.2283463031053543,3929,0.43343226114908856,16.9375,129680.17307692308,3502.857421875,0.7647873759269714,-9999,6
463,57.6485710144043,2025.428571428571,0.23062018553415933,2068.4285714285716,0,182.56,1761.082804568528,306.54302978515625,0,2,-809
465,58.0782585144043,2524,0.07472863793373108,2224,13.332835071491743,0,1032.7644708806818,136053.734375,0,2,-807
466,11.652567863464355,794.9166666666666,0.19730820655822753,2372.7,0,94.12972972972972,144832.44728434505,49029.83984375,0.36388017809068834,2,4
467,55.764705657958984,1988,0.05121275782585144,4760,2.5998405844478283,0.06666666666666667,96428.07142857143,147278.375,3.049554443359375,2,-807
468,13.62778663635254,948.8333333333334,0.2854646784918649,2805.1,6.612479766636e-4,79.936,99725.82334384858,14149.837890625,1.03102880859375,2,4
469,12.522293090820313,954.7,0.16044313112894695,2564,0.00119819061435155,64.464,75319.19488817891,45658.3828125,2.171594401041667,2,4
