admin2Pcod,ntl_mean_adm2,population_adm2,ndvi_mean_adm2,precip_2018_adm2,no2_adm2,lc_13_urbain_adm2,lc_12_cultures_adm2,lc_8_savane_boisee_adm2,lc_11_zones_humides_adm2
BJ0800,8.637987115968722,926681.29296875,2297.473113918996,1323.4689346147636,5.316630104707376e-05,0.0,0.6124119823367944,0.00843776106934,0.0
BJ0101,0.2827506083965172,634992.7192276716,4285.976479561294,975.6668263643,5.099702646052713e-05,0.0124653594946315,0.0063239969078253,0.0029185283762044,0.9754277048506972
BJ0102,0.240892886949243,162246.73042738438,4482.771993734257,1089.008644964508,5.085536817808877e-05,5.044390637610963e-05,0.0008971809062608,0.1717110573042771,0.8273413178830862
BJ0103,0.2538598865299517,269213.3726885915,4284.580516724292,1014.7163061575158,5.17683915479125e-05,0.0,0.0009775519250253,0.0,0.9990224480749746
BJ0104,0.304772635150534,119863.63172899188,4253.583568839442,808.7529473519412,5.263274994797492e-05,0.0081937796234955,0.0,0.0,0.9496169894455516
BJ0105,0.2598941867215897,218312.03209477663,4156.283858281357,919.2659307098506,5.2457232733241976e-05,0.04960300746064,0.0087280985483629,0.0,0.9208928019842284
BJ0106,0.2385477573494723,118655.56370472908,4530.293591305826,1104.5605348189483,5.233709274676895e-05,0.0,0.0012442672503648,0.0926860900987293,0.9055976146788768
BJ0201,0.2817123812588154,93779.27038025856,4355.822918497591,1181.1691086231324,5.153327153361351e-05,0.0,0.0,0.0,1.0
BJ0202,0.2629947220580367,134493.57030653954,4713.799531593036,1066.0030456842546,5.12499944164202e-05,0.0,0.0068901303538174,0.1468995154662864,0.846210354179896
BJ0203,0.3055693945256169,85597.32812160254,4061.056623867674,1134.4686403354206,5.150253044730372e-05,0.0,0.0,0.0,1.0
BJ0204,0.2447136402534958,167454.41892692447,4942.970593452719,1181.4009575744324,5.051721867629146e-05,6.0584030049679055e-05,0.0005439392263155,0.2446515883222645,0.7546460219112898
BJ0205,0.2557884437999389,148473.9669175148,3981.647880997516,1043.2768715913564,5.304685073566282e-05,0.0,0.0011278631968287,0.0,0.9988721368031712
BJ0206,0.2850595612932706,131018.1627268046,4850.619736482862,1242.6285591970943,5.058643737347234e-05,0.0,0.0047639715608465,0.0014189332827725,0.9938170951563808
BJ0207,0.2458216616162777,97395.91608482972,4835.778448204341,1188.207868918305,5.059615137056896e-05,0.024874022760512,0.0006488019796004,0.320929770818241,0.6534206617293525
BJ0208,0.3265711834856397,118221.1736329198,4525.1162347133,1002.9222945446728,5.332865123709348e-05,0.0,0.0001601554334798,0.0003776435045317,0.9994622010619884
BJ0209,0.2640217953841633,127475.80545830728,4956.39765535968,1193.5871492060196,5.093787295420452e-05,0.0,0.0,0.0476229182996099,0.9448582847079088
BJ0301,1.5666237909935672,1093217.1861419678,4513.912046226448,1271.700052211033,4.951871999020561e-05,0.4547231800430272,0.1813432551596816,0.0580915687478529,0.225362936568642
BJ0302,0.3621790426404452,184501.1951446533,5529.427831871049,1189.73682044124,4.887562827715369e-05,0.9366076703634308,0.0055409260478384,0.0235290311327177,0.0303302048693753
BJ0303,0.3516376969077386,119190.27407836914,4476.149641521527,1173.6383440524094,4.808146332924665e-05,0.6453787940545845,0.0125370182935972,0.0703315553072476,0.1033857275529643
BJ0304,0.6278553053715037,354801.9956970215,5046.078409222922,1195.938381059619,4.811573750837261e-05,0.449840262037038,0.0436935945791597,0.117199626590505,0.1518512200542993
BJ0305,0.4484446404311038,38335.63391494751,4727.935370273609,1257.8720675281763,5.006871152542441e-05,0.1966214403201449,0.0413529844694256,0.0204872546335961,0.4627991348690065
BJ0306,0.2754514417320884,83721.59251075983,5867.736248218355,1167.986842605569,4.8951477453822754e-05,0.6600874848582652,0.01045282374417,0.2787228581778911,0.0388117809348282
BJ0307,0.3290326136889849,84062.6026763916,5460.407929666108,1228.9800011900018,4.815105453502159e-05,0.9594352802617816,0.0022045855379188,0.0010194961175353,0.03373748742079
BJ0308,0.3038052477381537,176717.80827113986,5528.181276907398,1223.5744753941924,4.866752114083303e-05,0.8262958691755669,0.0009212018140589,0.1073448955318265,0.0650788380762487
BJ0401,0.2369698390901132,169111.15040111542,4581.212044695607,1155.5507469132674,5.035793632250514e-05,0.000113649278327,0.0005688190430378,0.0463373971159934,0.9529801345626412
BJ0402,0.2323129174986221,236325.36731370352,4695.613761702418,1160.8399227431755,5.09807354878168e-05,0.0161156619764619,0.001011975037949,0.2345932715787581,0.7477916312086265
BJ0403,0.2513508214206904,179280.06182324886,5034.478894084318,1198.945431920562,4.94224797064834e-05,0.0057817205553916,0.0026186901186901,0.6717797479248506,0.3176001064685662
BJ0404,0.2269770092080285,211573.084037384,4646.467977966853,1192.393982235402,4.9927030102566766e-05,0.0001889644746787,0.0014667479355986,0.0896056637867329,0.9087386238029896
BJ0405,0.8339687604667722,350924.0540924072,4672.969058874872,1224.8053421213726,4.880336460629072e-05,0.0,0.0570997132736429,0.0765861769050243,0.8663141098213327
BJ0406,0.2227801004155233,121609.57603263856,4693.147717111704,1220.3555939084429,4.853457259445297e-05,0.0002747252747252,0.0013109215090922,0.0088618864391405,0.989552466777042
BJ0407,0.2418691318013904,116408.29314255714,4765.259918411123,1163.677564967809,5.042205818525745e-05,0.0020600352821305,0.0005687705545794,0.2994522340272385,0.6979189601360515
BJ0408,0.2473653095253819,345867.5074435696,5144.261252656177,1211.2531018483437,4.807234351357753e-05,0.0558019613313295,0.0031465445161742,0.7263613068168945,0.2114802482269679
BJ0501,0.2395670358754846,125384.68700408936,5380.612476411666,1216.695412846898,4.824868966905545e-05,0.0,0.0016364707799076,0.9907127178915448,0.0072355758659798
BJ0502,0.2473263750562417,135473.9076371193,5049.877275206261,1260.034814541768,4.954786826654503e-05,0.000969709560282,0.003626192697003,0.2311926801501189,0.7016030167297074
BJ0503,0.2683279185821196,159104.95681667328,4943.009977616734,1182.5892904433106,4.866265251783498e-05,0.0,0.0091966791214911,0.6215924651672816,0.3652477192300833
BJ0504,0.2438739667944066,171893.92902463675,4964.33764947348,1168.6724671005586,4.806680018212104e-05,0.0008228313444224,0.0015120791071151,0.9539286958716974,0.0397511112524121
BJ0505,0.2395399265266713,175787.4046022892,5378.293897247858,1177.75005054106,4.8840908792368494e-05,0.0250922063629981,0.0045750645426912,0.7930613846832696,0.1440089757663693
BJ0506,0.2671740869259952,97734.11406803133,4831.095724240071,1259.3270867496144,4.887699832068604e-05,0.0,0.0108102307731151,0.8864645778560624,0.0740175906084934
BJ0601,0.2628825977388477,231090.74705696103,5225.8117068291485,1157.246203839335,4.902995517458839e-05,0.6072926021027473,0.0094257279631429,0.049886264674924,0.3333954052591858
BJ0602,0.3344261976537049,230239.84980010983,5093.892026648512,1116.93587452082,4.892610481969682e-05,0.3311162199718384,0.0648951247165533,0.0618512709137709,0.5421373843978373
BJ0603,0.3311712018051953,190518.5722805336,5557.551475049798,1085.5796568583971,4.947336905234971e-05,0.7161276362493338,0.0250113378684807,0.0100056528196025,0.2430796700688347
BJ0604,0.2927204023627255,178236.61920166016,4909.301247977358,1144.447686222429,4.8701222828469496e-05,0.1722093992146365,0.0112339230733444,0.0,0.8161815839385755
BJ0605,0.259712139047781,197804.41452026367,5597.196601369375,1101.3411599136898,4.928270476509952e-05,0.7897196779379169,0.0009092943875552,0.0165856411703587,0.1921342251387219
BJ0606,0.32013834419982,151843.97204589844,5348.762139480352,1116.7400488814956,4.861794522038805e-05,0.4994557823129251,0.0410204081632653,0.0,0.4595238095238095
BJ0701,0.2438121248255809,185709.6880238652,5484.150358616194,1255.1242032418097,4.833048030447129e-05,0.0,0.004599884355686,0.9791794385438772,0.011227808235032
BJ0702,0.2605952700470303,325715.65093550086,5067.598878841106,1262.7470812307083,4.9135903079718736e-05,0.054729020714601,0.0022155582990464,0.3059006526727478,0.6370544629394652
BJ0703,0.2476376857329091,96384.57231140137,4488.795587253297,1267.292700501626,4.947172353174368e-05,0.0,0.0008613264427217,0.0,0.9991386735572784
BJ0704,0.270730026047921,104718.8669090271,4614.478604091738,1358.7131221672544,4.907125519972696e-05,0.0,0.0,0.0561978915179531,0.9438021084820468
BJ0901,0.354675024648584,83728.37620449066,5561.865036938881,1098.8750228860183,4.974444852216743e-05,0.71047222106388,0.0015306122448979,0.0613924533368639,0.2084883204557353
BJ0902,0.2888850710930279,137285.95356750488,4968.728770218735,1112.656377424882,4.910786229540961e-05,0.8145360922146636,0.0060185185185185,0.0017129629629629,0.1090173847316704
BJ0903,0.4084404398463855,130467.23919677734,3864.894836327458,1145.4094459203377,4.723881863038868e-05,0.3634449740407736,0.0472677301664663,0.0640009948326471,0.3165188482778043
BJ0904,0.3632835847897178,80960.1693315506,5211.911675803725,1103.956169821878,4.734083468669358e-05,0.2361432930759222,0.044867647456555,0.2804679804579547,0.0864879640891701
BJ0905,0.3611257033518421,174928.868019104,5210.162566389397,1131.7592341542295,4.8402653333992506e-05,0.7128640934172293,0.0104918890633176,0.0014071294559099,0.2545170131842605
BJ0906,0.4055164887321879,180789.9167553261,5611.896319546933,1088.5957495009625,4.9898824051569104e-05,0.7778291870977763,0.0210770975056689,0.0131759434169975,0.1697738640098652
BJ1002,0.2793633555571106,113811.1937980652,5299.527938533911,1264.99152236552,4.874397782978152e-05,0.4578642221479735,0.0134978374065675,0.311641046837067,0.2169968936083919
BJ1003,0.9311484016997348,96333.39025497437,4798.774577789411,1308.3408394267935,5.122162557154346e-05,0.1118854163491729,0.0984310552527421,0.0316176078494107,0.456841084264415
BJ1004,1.2883493571304374,245068.345703125,4677.032682751259,1335.422855018374,5.1428221039814486e-05,0.3847133712937472,0.2329260419859736,0.2970613120136022,0.0747788858968143
BJ1005,1.531345915373604,326920.8332519531,4406.536717025858,1370.1605042436254,5.1480559961637926e-05,0.3064589847037961,0.2548978020905593,0.3709098072341127,0.0325388098815569
BJ1006,0.2477530125172895,73346.39975166321,5389.283743591072,1231.1968786821149,4.9077064912634856e-05,0.1573693012164007,0.0084656084656084,0.7639099474854921,0.064699587276943
BJ1007,0.4030733021352018,180251.14724731445,5187.024538291216,1279.8534263747565,4.963477297555637e-05,0.328621148986798,0.0574484534771875,0.0447492037512695,0.5581212859506435
BJ1008,4.178443804346723,479144.3512573242,3535.812778622325,1371.284495190434,5.106036427932015e-05,0.1449789572129997,0.5324479303202707,0.066046069769474,0.1220448582150709
BJ1009,2.196383772146782,690068.125,3919.027495914049,1382.7336592924798,5.10447453650113e-05,0.2082935543249053,0.3563337339582149,0.0460430892966435,0.1463868626791749
BJ1101,0.3757256837301763,225568.4970703125,5377.121130838034,1267.4445343692826,5.139757007233145e-05,0.5790969459728782,0.0076495586793069,0.2520211038244638,0.1612323915233509
BJ1102,0.4019151237487716,199237.4533500672,5083.223434940544,1382.276477983845,5.1259788292313246e-05,0.5316692807218975,0.0314323412319928,0.3463870007056939,0.0162096272465901
BJ1103,0.2570528579988055,202684.26412677765,4978.417996100634,1305.0100735606045,5.031737194633909e-05,0.0025478364070252,0.023483893626237,0.8923648328209544,0.0692778638430725
BJ1104,0.320455227567755,163167.82495117188,5093.787876860298,1273.4234812435086,5.264109953186057e-05,0.1169508589291225,0.0155987021922683,0.6775308831230591,0.1888742595883025
BJ1105,0.293619992695512,187244.88650512687,5429.0000915737455,1336.5250265309676,5.038054854184565e-05,0.790527721881414,0.0050210699171361,0.1946254513225711,0.0062529547633186
BJ1201,0.6277976262683236,116667.11093139648,5094.45194485249,1181.085597379308,4.850035468538019e-05,0.3433354526055575,0.0949542727174295,0.0,0.5586516605072878
BJ1202,0.3072233381057954,114993.14254570007,5213.334541684288,1145.7425146477135,4.835444826936833e-05,0.24953231292517,0.0091624149659863,0.0,0.7407950680272108
BJ1203,0.7476119695364061,295579.72274780273,4950.379594386372,1184.5100268915423,4.883776251257272e-05,0.0319056464193242,0.1178531500355096,0.0,0.8494475527515153
BJ1204,0.2550266511461393,94708.5597229004,5387.345234315166,1194.7320291987494,4.953579046476974e-05,0.1140552382382476,0.0411991868900213,0.1578189552443451,0.6843408351645249
BJ1205,0.2446624314738513,188915.768042922,5307.078782485916,1169.8181016359977,4.9132512939277285e-05,0.356151856835728,0.001303062278672,0.0988668344883074,0.5298810047634763
BJ1206,0.3280532502377086,86813.74857057631,5263.356206041764,1189.67110722548,5.077299102303196e-05,0.3346787207980626,0.0,0.0841511167988081,0.5801502745907887
BJ1207,0.2979884188794626,198239.4973449707,5294.1803220365055,1175.0622050137922,4.894535510874959e-05,0.0801879159761443,0.0107799733650073,0.0086184232146965,0.9000357584947942
BJ1208,0.2606767373535384,124223.0457416922,5247.905908730531,1204.9549423755298,4.99787139997024e-05,0.0541694925828776,0.0274373638344226,0.4602018458286672,0.4407274373973478
BJ1209,0.2694245205104044,152311.368627131,5733.702943625259,1137.6875215651762,4.904757469174675e-05,0.5371559234279601,0.004236909247235,0.0466804252309804,0.394793789465756
