r,obs,theo,lo,hi,fonction,nsim
0,0,0,0,0,G,39
417.5678991211719,0.06338028169014084,4.964654218684306e-4,0,0.004672897196261682,G,39
835.1357982423438,0.13380281690140844,0.0019843833093931007,0,0.009779951100244499,G,39
1252.7036973635156,0.21830985915492956,0.004459325863112595,0,0.014814814814814815,G,39
1670.2715964846875,0.27699530516431925,0.007913937815591687,0,0.026845637583892617,G,39
2087.839495605859,0.3215130023640662,0.012337972851124146,0,0.03153153153153153,G,39
2505.4073947270313,0.34688995215311,0.017718344239345596,0,0.036036036036036036,G,39
2922.9752938482034,0.3719806763285024,0.024039189332578204,0.0045351473922902496,0.04186046511627907,G,39
3340.543192969375,0.38405797101449274,0.03128194748203972,0.009070294784580499,0.06046511627906977,G,39
3758.1110920905467,0.4074074074074074,0.039425450837307974,0.01818181818181818,0.08490566037735849,G,39
4175.678991211718,0.42326732673267325,0.04844602740742143,0.01818181818181818,0.10451306413301663,G,39
4593.246890332891,0.4271356783919598,0.05831761568145666,0.018223234624145785,0.12410501193317422,G,39
5010.8147894540625,0.4547738693467337,0.06901189003202968,0.02733485193621868,0.14797136038186157,G,39
5428.382688575234,0.4759493670886076,0.08049839605753384,0.054455445544554455,0.15180722891566265,G,39
5845.950587696407,0.4884910485933504,0.0927446949585996,0.05486284289276808,0.162227602905569,G,39
6263.518486817578,0.4961038961038961,0.10571651599169019,0.075,0.17317073170731706,G,39
6681.08638593875,0.5038961038961038,0.1193779159983307,0.08831168831168831,0.1980440097799511,G,39
7098.654285059922,0.5131578947368421,0.13369144497249363,0.0987012987012987,0.19852941176470587,G,39
7516.222184181093,0.5226666666666666,0.1486183166013415,0.10732984293193717,0.2079207920792079,G,39
7933.790083302266,0.5417789757412399,0.164118582695991,0.11140583554376658,0.22942643391521197,G,39
8351.357982423437,0.5471698113207547,0.1801513104192306,0.1196808510638298,0.2531328320802005,G,39
8768.92588154461,0.5467032967032966,0.19667476121615923,0.13903743315508021,0.2725,G,39
9186.493780665782,0.5484764542936288,0.2136465703613617,0.14864864864864866,0.28391959798994976,G,39
9604.061679786953,0.55,0.2310239260523027,0.16756756756756758,0.29974811083123426,G,39
10021.629578908125,0.5638888888888889,0.24876374700276516,0.195,0.3249370277078086,G,39
10439.197478029297,0.5790960451977402,0.26682285752206225,0.20253164556962025,0.3392857142857143,G,39
10856.765377150468,0.5875706214689266,0.2851581591049177,0.22391857506361323,0.3520408163265306,G,39
11274.33327627164,0.6045197740112994,0.30372679760288057,0.23918575063613232,0.3852040816326531,G,39
11691.901175392813,0.6206896551724138,0.3224863251003264,0.25190839694656486,0.4,G,39
12109.469074513985,0.6282420749279539,0.34139485567590955,0.26740947075208915,0.42564102564102563,G,39
12527.036973635157,0.6358381502890174,0.36041121429311374,0.2737430167597765,0.44072164948453607,G,39
12944.604872756328,0.6588921282798834,0.3794950781306249,0.28370786516853935,0.4675324675324675,G,39
13362.1727718775,0.6705539358600583,0.3986071097339152,0.30704225352112674,0.4895833333333333,G,39
13779.740670998672,0.6793002915451894,0.41770908144296315,0.3380681818181818,0.5143603133159269,G,39
14197.308570119843,0.6793002915451894,0.4367639906267047,0.3541666666666667,0.5235602094240838,G,39
14614.876469241015,0.6803519061583577,0.4557361653319022,0.3657142857142857,0.5406824146981627,G,39
15032.444368362187,0.7,0.4745913600318902,0.37714285714285717,0.5506493506493506,G,39
15450.01226748336,0.7172619047619048,0.49329684123842776,0.3884057971014493,0.5857519788918206,G,39
15867.580166604532,0.7232142857142857,0.5118214628169518,0.39941690962099125,0.610079575596817,G,39
16285.148065725703,0.7373134328358208,0.530135730921251,0.42857142857142855,0.6206896551724138,G,39
16702.715964846873,0.7492537313432835,0.5482118585373292,0.43731778425655976,0.6382978723404256,G,39
17120.28386396805,0.7694610778443114,0.5660238096974446,0.4604105571847507,0.6631016042780749,G,39
17537.85176308922,0.7727272727272727,0.583547333493434,0.47058823529411764,0.6711590296495957,G,39
17955.419662210392,0.7774390243902439,0.6007599880830163,0.4837758112094395,0.6929347826086957,G,39
18372.987561331563,0.7774390243902439,0.6176411549433425,0.5029585798816568,0.7103825136612022,G,39
18790.555460452735,0.7804878048780488,0.634172043682289,0.5207100591715976,0.7202216066481995,G,39
19208.123359573907,0.7876923076923077,0.650335687769521,0.5252225519287834,0.7416666666666667,G,39
19625.69125869508,0.7876923076923077,0.6661169315959522,0.5476190476190477,0.7493036211699164,G,39
20043.25915781625,0.7938461538461539,0.6815024093116826,0.5892857142857143,0.7632311977715878,G,39
20460.82705693742,0.803076923076923,0.69648051592866,0.6234177215189873,0.7670454545454546,G,39
20878.394956058593,0.8246153846153846,0.7110413712051193,0.6360759493670886,0.7720797720797721,G,39
21295.962855179765,0.8302469135802469,0.7251767768542468,0.6496815286624203,0.7931034482758621,G,39
21713.530754300937,0.8302469135802469,0.7388801676395507,0.6591639871382636,0.8132183908045977,G,39
22131.09865342211,0.8359133126934984,0.7521465569341503,0.6752411575562701,0.8208092485549133,G,39
22548.66655254328,0.8390092879256966,0.764972477330741,0.6870967741935484,0.8279883381924198,G,39
22966.23445166445,0.8473520249221184,0.7773559168935511,0.7035830618892508,0.8333333333333334,G,39
23383.802350785627,0.8566978193146417,0.7892962516433439,0.7222222222222222,0.8450292397660819,G,39
23801.3702499068,0.8598130841121495,0.8007941748617133,0.7320261437908496,0.8651026392961877,G,39
24218.93814902797,0.859375,0.8118516237918252,0.7408637873754153,0.8709677419354839,G,39
24636.506048149142,0.8679245283018868,0.822471704299691,0.7525083612040134,0.8790560471976401,G,39
25054.073947270314,0.8742138364779874,0.8326586140433314,0.7558528428093646,0.8865435356200527,G,39
25471.641846391485,0.8742138364779874,0.8424175646771548,0.7668918918918919,0.8912466843501327,G,39
25889.209745512657,0.8836477987421384,0.8517547035958806,0.7932203389830509,0.9011976047904192,G,39
26306.77764463383,0.8836477987421384,0.8606770356967616,0.7986348122866894,0.9037433155080213,G,39
26724.345543755,0.8832807570977917,0.8691923456110489,0.815068493150685,0.9139784946236559,G,39
27141.91344287617,0.889589905362776,0.877309120825992,0.821917808219178,0.9193083573487032,G,39
27559.481341997343,0.89171974522293,0.8850364760875246,0.839041095890411,0.9219653179190751,G,39
27977.049241118515,0.8980891719745223,0.8923840794415114,0.8424657534246576,0.9347826086956522,G,39
28394.617140239687,0.8980891719745223,0.8993620802383866,0.8458904109589042,0.9368131868131868,G,39
28812.18503936086,0.9012738853503185,0.9059810393925098,0.8458904109589042,0.9476584022038568,G,39
29229.75293848203,0.9073482428115016,0.9122518621539422,0.8527397260273972,0.953168044077135,G,39
29647.3208376032,0.9067524115755627,0.9181857336168834,0.8527397260273972,0.9626168224299065,G,39
30064.888736724373,0.9067524115755627,0.9237940571560033,0.8556701030927835,0.9654088050314465,G,39
30482.45663584555,0.9067524115755627,0.9290883959495866,0.8641114982578397,0.9716981132075472,G,39
30900.02453496672,0.9058441558441559,0.9340804177170426,0.8710801393728222,0.9716088328075709,G,39
31317.592434087892,0.9153094462540716,0.9387818427680986,0.887719298245614,0.9716088328075709,G,39
31735.160333209064,0.9180327868852459,0.9432043954320876,0.8947368421052632,0.9714285714285714,G,39
32152.728232330235,0.921311475409836,0.9473597589083251,0.897887323943662,0.9777777777777777,G,39
32570.296131451407,0.9238410596026491,0.9512595335527597,0.9068100358422939,0.977491961414791,G,39
32987.86403057258,0.9233333333333333,0.9549151985919975,0.9169675090252708,0.9774193548387097,G,39
33405.43192969375,0.9261744966442953,0.9583380772335289,0.9239130434782609,0.9803921568627451,G,39
33822.99982881492,0.9326599326599326,0.9615393051205742,0.9236363636363636,0.9819277108433735,G,39
34240.5677279361,0.9319727891156463,0.964529802061457,0.9298892988929889,0.9848942598187311,G,39
34658.135627057265,0.935374149659864,0.9673202469468392,0.9291044776119403,0.9878419452887538,G,39
35075.70352617844,0.9387755102040817,0.969921055753481,0.9358490566037736,0.9878048780487805,G,39
35493.27142529961,0.9379310344827586,0.9723423625204297,0.9420289855072463,0.9908256880733946,G,39
35910.839324420784,0.9479166666666666,0.9745940031726362,0.9456521739130435,0.99079754601227,G,39
36328.40722354195,0.9471830985915493,0.9766855020579046,0.9452554744525548,0.9907120743034056,G,39
36745.97512266313,0.9540636042402827,0.9786260610557325,0.9487179487179487,0.9933774834437086,G,39
37163.543021784295,0.9540636042402827,0.9804245511109168,0.9628252788104089,0.9966777408637874,G,39
37581.11092090547,0.9575971731448764,0.9820895060407003,0.96484375,0.9966329966329966,G,39
37998.67882002664,0.9572953736654805,0.9836291184616216,0.9662921348314607,0.9966101694915255,G,39
38416.24671914781,0.9642857142857143,0.9850512376810038,0.9659090909090909,0.9965753424657534,G,39
38833.81461826898,0.96415770609319,0.9863633693980722,0.9693486590038314,0.996969696969697,G,39
39251.38251739016,0.96415770609319,0.9875726770609197,0.973384030418251,0.996969696969697,G,39
39668.950416511325,0.967741935483871,0.9886859847278211,0.9755244755244755,1,G,39
40086.5183156325,0.9713261648745519,0.9897097812846459,0.9753521126760564,1,G,39
40504.086214753675,0.9713261648745519,0.9906502258741858,0.975177304964539,1,G,39
40921.65411387484,0.9711191335740073,0.9915131543980341,0.9765625,1,G,39
41339.22201299602,0.9746376811594203,0.9923040869570795,0.9762845849802372,1,G,39
41756.78991211719,0.9746376811594203,0.993028236102639,0.9761904761904762,1,G,39
42174.35781123836,0.9782608695652174,0.9936905157766341,0.9761904761904762,1,G,39
42591.92571035953,0.9853479853479854,0.9942955508259254,0.9761904761904762,1,G,39
43009.493609480705,0.9853479853479854,0.9948476869828781,0.9760956175298805,1,G,39
43427.06150860187,0.9853479853479854,0.9953510012113458,0.9840637450199203,1,G,39
43844.62940772305,0.9852941176470589,0.9958093123244631,0.9840637450199203,1,G,39
44262.19730684422,0.9852941176470589,0.9962261917878563,0.984,1,G,39
44679.76520596539,0.9852941176470589,0.9966049746290525,0.9839357429718876,1,G,39
45097.33310508656,0.9851301115241635,0.9969487703809384,0.9838709677419355,1,G,39
45514.901004207735,0.9851301115241635,0.9972604739940353,0.9838709677419355,1,G,39
45932.4689033289,0.9851301115241635,0.9975427766590769,0.9838709677419355,1,G,39
46350.03680245008,0.9849056603773585,0.9977981764878651,0.9838056680161943,1,G,39
46767.604701571254,0.9848484848484849,0.9980289890065985,0.983739837398374,1,G,39
47185.17260069242,0.9847908745247148,0.9982373574218023,0.983739837398374,1,G,39
47602.7404998136,0.9846743295019157,0.998425262624604,0.9835390946502057,1,G,39
48020.308398934765,0.9846743295019157,0.9985945329043996,0.9834710743801653,1,G,39
48437.87629805594,0.9845559845559846,0.9987468533479046,0.9834710743801653,1,G,39
48855.44419717711,0.9883720930232558,0.9988837749042027,0.9834710743801653,1,G,39
49273.012096298284,0.98828125,0.9990067231006696,0.9873949579831933,1,G,39
49690.57999541945,0.98828125,0.9991170063985724,0.9873417721518988,1,G,39
50108.14789454063,0.9881422924901185,0.9992158241807255,0.9872340425531915,1,G,39
50525.715793661795,0.9920948616600791,0.999304274366834,0.9871794871794872,1,G,39
50943.28369278297,0.9920318725099602,0.9993833606550738,0.987012987012987,1,G,39
51360.85159190414,0.9920318725099602,0.9994539993910714,0.9956331877729258,1,G,39
51778.41949102531,0.9920318725099602,0.9995170260677518,0.9956331877729258,1,G,39
52195.98739014648,0.992,0.9995732014615477,0.995575221238938,1,G,39
52613.55528926766,0.9919678714859438,0.9996232174122122,0.9955555555555555,1,G,39
53031.123188388825,0.9919678714859438,0.9996677022549777,0.9955156950672646,1,G,39
53448.69108751,0.9919028340080972,0.9997072259150599,0.9954954954954955,1,G,39
53866.258986631176,0.9919028340080972,0.999742304675544,0.995475113122172,1,G,39
54283.82688575234,0.9919028340080972,0.9997734056305283,0.9954128440366973,1,G,39
54701.39478487352,0.991869918699187,0.9998009508360403,0.9957805907172996,1,G,39
55118.96268399469,0.991869918699187,0.9998253211717252,0.9957627118644068,1,G,39
55536.53058311586,0.991869918699187,0.9998468599266246,0.9957627118644068,1,G,39
55954.09848223703,0.991869918699187,0.9998658761225494,0.9957446808510638,1,G,39
56371.666381358205,0.991869918699187,0.9998826475886142,0.9957446808510638,1,G,39
56789.23428047937,0.991869918699187,0.9998974238004522,0.9957081545064378,1,G,39
57206.80217960055,0.991869918699187,0.9999104284974886,0.9956896551724138,1,G,39
57624.37007872172,0.991869918699187,0.9999218620914291,0.9956521739130435,1,G,39
58041.93797784289,0.9918032786885246,0.9999319038788241,0.9956140350877193,1,G,39
58459.50587696406,0.9917695473251029,0.9999407140702202,0.9956140350877193,1,G,39
58877.073776085235,0.9917695473251029,0.9999484356480091,0.9955947136563876,1,G,39
59294.6416752064,0.9917695473251029,0.9999551960646459,0.9961538461538462,1,G,39
59712.20957432758,0.9917695473251029,0.9999611087924406,0.9961389961389961,1,G,39
60129.77747344875,0.991701244813278,0.9999662747356333,0.9961240310077519,1,G,39
60547.34537256992,0.9957983193277311,0.9999707835149586,0.9961240310077519,1,G,39
60964.9132716911,0.9957983193277311,0.9999747146343895,0.996078431372549,1,G,39
61382.481170812265,0.9957805907172996,0.9999781385392291,0.9960629921259843,1,G,39
61800.04906993344,0.9957081545064378,0.9999811175742034,0.9960474308300395,1,G,39
62217.61696905461,0.9956709956709957,0.9999837068496907,0.996,1,G,39
62635.184868175784,0.9956709956709957,0.9999859550237259,0.9959677419354839,1,G,39
63052.75276729695,0.9956709956709957,0.999987905006918,1,1,G,39
63470.32066641813,0.9956521739130435,0.9999895945969478,1,1,G,39
63887.888565539295,0.9956521739130435,0.9999910570488453,1,1,G,39
0,0,0,0,0,K,39
416.6666666666667,72502950.36885963,545415.391248228,0,9797801.056467881,K,39
833.3333333333334,181257375.92214906,2181661.564992912,0,12170032.475943673,K,39
1250,429838920.04395354,4908738.521234051,0,27970833.66466968,K,39
1666.6666666666667,766459761.0422304,8726646.259971648,0,27970833.66466968,K,39
2083.3333333333335,1100441653.231798,13635384.7812057,0,33300125.0788094,K,39
2500,1556036404.8107638,19634954.084936205,0,43108367.21545774,K,39
2916.666666666667,2048958896.060749,26725354.171163175,0,52688004.374448344,K,39
3333.3333333333335,2600118561.9526243,34906585.039886594,5179809.705348943,65780035.90149815,K,39
3750,3093540401.2670665,44178646.69110647,15539429.11604683,82849557.94499281,K,39
4166.666666666667,3472763804.9164715,54541539.1248228,22705466.586260926,96905125.89071518,K,39
4583.333333333334,4032618783.8415527,65995262.341035604,34742053.96885615,111440894.77432247,K,39
5000,4607311403.47222,78539816.33974482,40677126.66097566,126268952.90075555,K,39
5416.666666666667,5157113402.890146,92175201.12095053,58348834.22974559,133414587.37826256,K,39
5833.333333333334,5323438334.003279,106901416.6846527,72230706.08881846,152173684.08978498,K,39
6250,5781861441.344789,122718463.03085129,77390042.23801978,188958315.44604737,K,39
6666.666666666667,6263205704.053373,139626340.15954638,82549378.3872211,218951698.85018188,K,39
7083.333333333334,6000758475.100359,157625048.0707379,89217218.22623804,232158209.5532589,K,39
7500,6431168038.311637,176714586.76442587,121903719.13820088,263689198.0961383,K,39
7916.666666666667,6817692238.4875555,196894956.24061033,132833654.58764587,270462762.8548023,K,39
8333.333333333334,6842736262.108421,218166156.4992912,138147000.77115172,286351127.45043296,K,39
8750,6814043608.172663,240528187.54046854,160197387.43270093,316760096.7372046,K,39
9166.666666666668,7151639236.562622,263981049.36414242,198071957.72798446,340391015.02194905,K,39
9583.333333333334,7430473499.856195,288524741.97031265,214131846.19241562,375590204.9900226,K,39
10000,7399315948.5189085,314159265.3589793,232522790.19767565,419593969.46445936,K,39
10416.666666666668,7640546994.9246435,340884619.53014255,247293676.95293954,448844358.0812922,K,39
10833.333333333334,7889830746.798204,368700804.48380214,274468806.2884274,490404020.86659706,K,39
11250,7708885126.903774,397607820.2199582,282056938.55672127,518110462.72346693,K,39
11666.666666666668,7892731893.910526,427605666.7386108,312179524.22782743,538908207.5653803,K,39
12083.333333333334,8085006955.99632,458694344.03975976,332015310.7413491,568731073.542703,K,39
12500,8036730100.580839,490873852.12340516,368939437.72379607,615323201.3844608,K,39
12916.666666666668,8213608914.319113,524144190.9895472,420582216.22295326,625841546.7072722,K,39
13333.333333333334,8409783598.647017,558505360.6381855,451299726.6258067,672233543.3325683,K,39
13750,8531990779.048006,593957361.0693202,495949695.4820645,719508947.6384403,K,39
14166.666666666668,8698486037.791567,630500192.2829516,528340589.9455922,756466865.5837847,K,39
14583.333333333334,8831133525.747826,668133854.2790793,553873945.9109341,802197356.8658798,K,39
15000,9061019231.047024,706858347.0577035,576160179.7939756,849007562.1404904,K,39
15416.666666666668,9179206438.408508,746673670.6188241,612259341.6968929,881183916.778265,K,39
15833.333333333334,9282340946.722954,787579824.9624413,645176510.605328,948713767.5513861,K,39
16250,9423930397.134125,829576810.0885547,717073633.5200639,989340769.6405205,K,39
16666.666666666668,9557830126.66236,872664625.9971648,748857149.3662591,1027447350.4360738,K,39
17083.333333333336,9707109297.956465,916843272.6882714,792442471.58251,1077212334.0193386,K,39
17500,9857101355.429045,962112750.1618742,827397417.8345463,1126445584.4328082,K,39
17916.666666666668,9951266772.676405,1008473058.4179736,854926731.4343373,1187407400.0962567,K,39
18333.333333333336,10072336594.851583,1055924197.4565697,896227539.7161893,1252003944.7970705,K,39
18750,10229799798.615658,1104466167.2776616,978829156.2798934,1301906077.3821769,K,39
19166.666666666668,10318046246.778898,1154098967.8812506,1044315378.8318269,1341187726.268708,K,39
19583.333333333336,10389322224.141516,1204822599.267336,1077400418.7125802,1412314060.5621006,K,39
20000,10497933237.265505,1256637061.4359171,1107734467.705996,1470324622.0744493,K,39
20416.666666666668,10643879286.150864,1309542354.3869956,1163241732.013329,1535735582.050682,K,39
20833.333333333336,10857172962.676474,1363538478.1205702,1200856584.1431048,1606834451.5900655,K,39
21250,10894623230.029701,1418625432.636641,1264183388.498733,1639729786.8701398,K,39
21666.666666666668,10949096346.17985,1474803217.9352086,1311568509.8437562,1697459213.410621,K,39
22083.333333333336,11085447783.973642,1532071834.0162728,1363706381.926859,1748125875.4087698,K,39
22500,11240425698.674452,1590431280.8798327,1407651599.6305377,1795368227.4139466,K,39
22916.666666666668,11364135672.73507,1649881558.5258899,1457319538.2549045,1863894165.0105207,K,39
23333.333333333336,11546264245.657646,1710422666.9544432,1492183642.040907,1942044863.7531002,K,39
23750,11702995762.273506,1772054606.1654928,1552758673.1390636,2002020383.5446916,K,39
24166.666666666668,11911882979.267616,1834777376.159039,1580028150.2718067,2092484958.8325655,K,39
24583.333333333336,12147761850.144201,1898590976.935082,1632813055.0693057,2131817382.8707716,K,39
25000,12366296686.39751,1963495408.4936206,1694395443.9997213,2192127099.7293544,K,39
25416.666666666668,12584831522.650818,2029490670.8346565,1764642424.5534928,2298186870.0398345,K,39
25833.333333333336,12744396641.18498,2096576763.9581888,1823222602.5570118,2346825745.5962334,K,39
26250,12910899373.568453,2164753687.864217,1885037202.6831813,2407624340.0417314,K,39
26666.666666666668,13115175990.82231,2234021442.552742,1934924765.7031522,2493087035.499247,K,39
27083.333333333336,13321279117.63568,2304380028.0237637,2033196332.9407065,2554092427.885036,K,39
27500,13489902903.934866,2375829444.277281,2105482946.235941,2611030794.1117725,K,39
27916.666666666668,13644474708.042452,2448369691.3132954,2197047814.118301,2734207552.253182,K,39
28333.333333333336,13756890565.575243,2522000769.1318064,2251834987.4654284,2837753574.3071775,K,39
28750,14001722785.64516,2596722677.7328134,2310706490.4057007,2895081929.343686,K,39
29166.666666666668,14113047316.781923,2672535417.1163173,2381013205.620524,3009738639.4167037,K,39
29583.333333333336,14276203933.160906,2749438987.2823176,2443768592.4353285,3116205584.484505,K,39
30000,14467735613.25797,2827433388.230814,2500719591.6925716,3159785828.850747,K,39
30416.666666666668,14669539434.928303,2906518619.9618073,2594717775.6299367,3282005964.9866443,K,39
30833.333333333336,14886198482.91147,2986694682.4752965,2659415365.747907,3326461506.4782653,K,39
31250,15114012576.810755,3067961575.771282,2744920619.2795486,3392659745.4131565,K,39
31666.666666666668,15320162066.372423,3150319299.8497653,2808931113.8306494,3471270154.1483393,K,39
32083.333333333336,15600189573.89075,3233767854.710744,2858571905.5233397,3540804527.9239187,K,39
32500,15814498897.92074,3318307240.354219,2936178406.383079,3641850079.2558737,K,39
32916.66666666667,16027983244.414082,3403937456.7801914,3016140343.6146245,3726054705.3658357,K,39
33333.333333333336,16263939246.920475,3490658503.9886594,3136475415.2388887,3807479682.542922,K,39
33750,16489929408.054522,3578470381.979624,3227980209.286506,3925125748.118028,K,39
34166.66666666667,16688784074.408762,3667373090.7530856,3277812940.790105,3989971319.350985,K,39
34583.333333333336,16913902564.62111,3757366630.309043,3353119404.96787,4066415096.974469,K,39
35000,17215664844.25978,3848451000.6474967,3428565428.938404,4182811604.1439004,K,39
35416.66666666667,17557366249.14474,3940626201.7684484,3508536149.0594945,4297153657.254817,K,39
35833.333333333336,17820189444.231857,4033892233.6718946,3599325088.926529,4431592538.389769,K,39
36250,18046866386.740456,4128249096.3578377,3702794375.816479,4512122069.303905,K,39
36666.66666666667,18280735065.6183,4223696789.8262787,3781694179.361697,4612007664.365654,K,39
37083.333333333336,18522399367.12541,4320235314.077214,3834033486.422727,4765173970.5623,K,39
37500,18830881309.56695,4417864669.110646,3901867896.68312,4853679396.57247,K,39
37916.66666666667,19051777826.671047,4516584854.926577,3957742299.3424873,4960622865.761324,K,39
38333.333333333336,19225119064.134556,4616395871.5250025,4101562403.187518,5085754383.327797,K,39
38750,19428451894.003773,4717297718.905924,4182448233.5160413,5212814650.629871,K,39
39166.66666666667,19586599650.56872,4819290397.069344,4345576375.034112,5279153427.1355295,K,39
39583.333333333336,19804052815.845524,4922373906.015258,4433773845.971806,5400980044.684811,K,39
40000,20009644899.379955,5026548245.743669,4541605417.646964,5510248278.33801,K,39
40416.66666666667,20208595346.015484,5131813416.254579,4680367792.482249,5668192625.670766,K,39
40833.333333333336,20494917852.40479,5238169417.547982,4728894841.783442,5764031631.418822,K,39
41250,20674767950.56357,5345616249.623882,4844033150.97469,5859870637.166879,K,39
41666.66666666667,20910571412.593964,5454153912.482281,4922162717.925895,5909809735.947475,K,39
42083.333333333336,21245413207.065887,5563782406.123175,5029744105.745697,6034796956.901987,K,39
42500,21463604974.502472,5674501730.546564,5152766433.777685,6198913424.261404,K,39
42916.66666666667,21633309682.508705,5786311885.752452,5285848375.5701685,6372407975.469931,K,39
43333.333333333336,21960225956.063778,5899212871.740834,5401963002.302844,6430448714.88253,K,39
43750,22162998125.55652,6013204688.511713,5502249938.247816,6517304931.067437,K,39
44166.66666666667,22353603964.879692,6128287336.065091,5628448331.326894,6668540433.45624,K,39
44583.333333333336,22775128861.460884,6244460814.400963,5683562670.424262,6769313890.725272,K,39
45000,22967860416.464245,6361725123.519331,5822112408.3679495,6898484756.843188,K,39
45416.66666666667,23320518155.406563,6480080263.420198,5902796843.044814,7085945157.637569,K,39
45833.333333333336,23761849058.99288,6599526234.1035595,6030517649.295157,7324398728.522556,K,39
46250,24134066505.249886,6720063035.569417,6111524602.793153,7472762453.682519,K,39
46666.66666666667,24393599929.534565,6841690667.817773,6207555072.844232,7577068210.762833,K,39
47083.333333333336,24677730403.503918,6964409130.848624,6293544217.98432,7644589184.920597,K,39
47500,24889048526.500183,7088218424.661971,6428640538.419373,7765099917.707316,K,39
47916.66666666667,25226047899.173454,7213118549.257817,6531190763.203107,7950451450.957853,K,39
48333.333333333336,25533323082.89112,7339109504.636156,6679558899.073282,8110664563.633455,K,39
48750,25789853455.458683,7466191290.796992,6749459030.040385,8295500721.2649975,K,39
49166.66666666667,26064588131.808704,7594363907.740328,6843474932.154431,8432904157.682186,K,39
49583.333333333336,26434848915.82901,7723627355.466157,7005399650.822378,8575155313.842244,K,39
50000,26718094582.230152,7853981633.974483,7087386850.147921,8675494664.949308,K,39
50416.66666666667,26977324406.252567,7985426743.265306,7216075111.71752,8787411633.491804,K,39
50833.333333333336,27361672622.72589,8117962683.338626,7316165981.827208,8945639071.776022,K,39
51250,27603383511.61923,8251589454.194441,7478217866.766704,9076852069.37757,K,39
51666.66666666667,27868228329.951374,8386307055.832755,7558118733.034523,9227361096.038166,K,39
52083.333333333336,28170640756.528458,8522115488.253562,7719734701.192327,9368082281.871708,K,39
52500,28485173779.60025,8659014751.456867,7864564551.017004,9546496366.46135,K,39
52916.66666666667,28738152526.844795,8797004845.44267,7976845511.693255,9706821475.229252,K,39
53333.333333333336,28974845935.379803,8936085770.210968,8102109187.975069,9797729013.813055,K,39
53750,29251732564.23208,9076257525.761763,8272048554.039938,9948690808.16223,K,39
54166.66666666667,29541036610.743343,9217520112.095055,8371120348.331958,10182191738.436037,K,39
54583.333333333336,29778692187.60573,9359873529.210842,8534907962.417506,10305095098.010002,K,39
55000,29953570819.63654,9503317777.109123,8675484705.03211,10512388588.652819,K,39
55416.66666666667,30218130801.426743,9647852855.789907,8781867104.848566,10687799030.760723,K,39
55833.333333333336,30442334175.82522,9793478765.253181,8944473100.08204,10814257721.5827,K,39
56250,30760702967.471058,9940195505.498955,9094800379.075016,10957033662.833323,K,39
56666.66666666667,31034231084.237198,10088003076.527225,9265724745.753548,11151981042.714985,K,39
57083.333333333336,31339147673.41913,10236901478.337992,9348604285.757563,11308516057.201645,K,39
57500,31629147874.834953,10386890710.931253,9500349746.62783,11503204795.182772,K,39
57916.66666666667,32007495164.558094,10537970774.307014,9632497748.689024,11646993041.852997,K,39
58333.333333333336,32270781892.617146,10690141668.46527,9782317587.69391,11826498669.379765,K,39
58750,32506832062.60112,10843403393.406021,9927725418.364565,12003401342.526524,K,39
59166.66666666667,32756500511.622635,10997755949.12927,10057606704.204584,12185822193.882391,K,39
59583.333333333336,33289233272.367676,11153199335.635014,10177029239.117825,12443477359.853561,K,39
60000,33815445682.72076,11309733552.923256,10299579852.992018,12642572997.611217,K,39
60416.66666666667,34051820097.443726,11467358600.993996,10366349159.781391,12827104782.708735,K,39
60833.333333333336,34446833483.973816,11626074479.847229,10486787187.062378,13037385188.982647,K,39
61250,34716785698.819176,11785881189.482958,10704017372.190548,13253473684.504517,K,39
61666.66666666667,35246502498.67629,11946778729.901186,10820832494.859425,13441022512.612116,K,39
62083.333333333336,35484813652.653725,12108767101.10191,11002221007.531683,13586654358.93584,K,39
62500,35742676650.53332,12271846303.085129,11135743107.13765,13716025338.714504,K,39
62916.66666666667,36019640611.21882,12436016335.850847,11317333162.601765,13851223044.755886,K,39
63333.333333333336,36521559932.775925,12601277199.399061,11441363295.126831,14021310481.388594,K,39
63750,36790136079.3597,12767628893.729769,11607590667.325682,14149430147.822311,K,39
64166.66666666667,37044324218.090775,12935071418.842976,11748485792.139158,14334102635.767786,K,39
64583.333333333336,37341676380.37996,13103604774.738678,11917468730.296068,14541232344.797539,K,39
65000,37571884506.02319,13273228961.416876,12005461115.937387,14758464169.460672,K,39
65416.66666666667,37811684636.901566,13443943978.877573,12197944459.527771,14935796271.226496,K,39
65833.33333333334,38070668778.250206,13615749827.120766,12358437874.636429,15077901093.44029,K,39
66250,38472946587.32547,13788646506.146452,12495356984.037506,15318292784.92118,K,39
66666.66666666667,38841071595.19725,13962634015.954638,12571360161.167664,15475318014.456045,K,39
67083.33333333334,39259864271.73504,14137712356.545322,12705813211.019726,15642832886.29663,K,39
67500,39524603616.224754,14313881527.918495,12805009247.584824,15865587553.959675,K,39
67916.66666666667,39769732638.90043,14491141530.074171,12930119401.691551,16083718498.362314,K,39
68333.33333333334,40065463295.54271,14669492363.012342,13037856895.76654,16253358630.756672,K,39
68750,40393525543.77929,14848934026.733007,13193961504.192863,16430468936.73503,K,39
69166.66666666667,40694730318.521416,15029466521.236172,13335121015.681324,16650400229.424498,K,39
69583.33333333334,41050716468.63075,15211089846.521835,13554861710.38417,16850477418.252884,K,39
70000,41211897195.869545,15393804002.589987,13705541043.894693,17010465196.030209,K,39
70416.66666666667,41576480387.50834,15577608989.44064,13868776988.531094,17194104963.240536,K,39
70833.33333333334,41988558842.48634,15762504807.073793,13982855870.380749,17403105684.489967,K,39
71250,42259222138.3574,15948491455.489433,14108089160.910585,17583497941.994225,K,39
71666.66666666667,42916567836.195694,16135568934.687578,14284168025.692478,17735703909.263447,K,39
72083.33333333334,43603200369.22977,16323737244.668219,14449254223.206167,17963142813.939537,K,39
72500,43890996586.453865,16512996385.43135,14574996674.2822,18146785382.38982,K,39
72916.66666666667,44181560074.99744,16703346356.976984,14752260147.347795,18422249235.065247,K,39
73333.33333333334,44536879307.38548,16894787159.305115,14916165294.033796,18673549591.89195,K,39
73750,45183466602.02815,17087318792.415733,15082195629.007458,18947373388.288048,K,39
74166.66666666667,45956284493.83466,17280941256.308857,15288073244.374798,19213933226.326992,K,39
74583.33333333334,46388865122.085846,17475654550.984478,15617431094.915573,19457764866.255,K,39
75000,46680857046.15539,17671458676.442585,15817825848.058203,19628447014.204605,K,39
75416.66666666667,47032328806.609474,17868353632.683197,15950641084.059166,19781760333.00865,K,39
75833.33333333334,47682425038.943115,18066339419.706306,16185802178.390282,19972817453.609776,K,39
76250,48169673220.78869,18265416037.511906,16373931053.855175,20117346306.98191,K,39
76666.66666666667,48513703309.54389,18465583486.10001,16571624464.585302,20434694075.24355,K,39
77083.33333333334,48899563088.45569,18666841765.470608,16762066839.651686,20667721871.93549,K,39
77500,49161918891.94602,18869190875.623695,17041313813.951765,20880269452.401035,K,39
77916.66666666667,49511135363.9488,19072630816.559288,17178910211.319159,21045328406.222282,K,39
78333.33333333334,49661024667.49878,19277161588.277374,17337146068.291664,21309729729.518623,K,39
78750,49989350155.035706,19482783190.77795,17531563146.62011,21579215693.647587,K,39
79166.66666666667,50406234727.26339,19689495624.06103,17553095969.71549,21765182174.626354,K,39
79583.33333333334,50696219833.985374,19897298888.12661,17638201889.568653,22042380249.49188,K,39
80000,51014634853.13109,20106192982.974674,17872243169.16486,22328882426.407288,K,39
80416.66666666667,51209506273.78627,20316177908.605247,18099192288.773304,22452300107.92157,K,39
80833.33333333334,51473224303.637566,20527253665.018314,18311070568.40775,22789188267.43563,K,39
81250,51740285923.07896,20739420252.213867,18569579799.961742,23115710637.426178,K,39
81666.66666666667,51955679996.63807,20952677670.19193,18736951430.314484,23380038270.275673,K,39
82083.33333333334,52196835296.55507,21167025918.952484,18852567019.548973,23550568149.14414,K,39
82500,52366991346.86983,21382464998.49553,19011538454.746395,23755417045.299824,K,39
82916.66666666667,52458266277.78733,21598994908.82108,19253723657.991573,23913190459.370888,K,39
83333.33333333334,52694219347.74252,21816615649.929123,19347685222.003883,24139332352.872746,K,39
83750,52947868897.94435,22035327221.819656,19590728089.276867,24395655860.067997,K,39
84166.66666666667,53065845432.92194,22255129624.4927,19731944785.569202,24622650118.353806,K,39
84583.33333333334,53437471518.101364,22476022857.94823,19909746079.33375,24815233658.75318,K,39
85000,53967921927.78825,22698006922.186256,20094860354.20433,25036975867.502182,K,39
85416.66666666667,54145838153.92382,22921081817.206783,20262254117.094334,25369327514.28736,K,39
85833.33333333334,54388990329.642426,23145247543.009808,20472543170.04767,25600829345.665718,K,39
86250,54703308995.81526,23370504099.59532,20649686364.372913,25952189335.27082,K,39
86666.66666666667,55004965155.80367,23596851486.963337,20898103643.944317,26210775915.46114,K,39
87083.33333333334,55243469069.75838,23824289705.113853,21173137060.612656,26430849600.729492,K,39
87500,55523711168.65516,24052818754.046852,21360717455.391064,26727466955.654976,K,39
87916.66666666667,55923205224.52929,24282438633.76236,21626456347.993805,27009507264.93253,K,39
88333.33333333334,56215372519.1238,24513149344.260365,21829668442.337082,27274956967.781986,K,39
88750,56676760933.10302,24744950885.540855,22001617137.55062,27553483294.448032,K,39
89166.66666666667,56934546073.79727,24977843257.60385,22157934133.19929,27771407822.63369,K,39
89583.33333333334,57246286243.93915,25211826460.44934,22328858682.57927,27995446758.980278,K,39
90000,57552031410.809074,25446900494.077324,22555728321.084404,28250077137.174812,K,39
90416.66666666667,57815811554.775284,25683065358.48781,22801839911.429016,28496049009.15254,K,39
90833.33333333334,58185994816.92359,25920321053.680794,23019053639.158264,28740138671.97994,K,39
91250,58469332790.57568,26158667579.65626,23148510531.329277,28990025615.270336,K,39
91666.66666666667,58627819843.2579,26398104936.414238,23350786925.346485,29231110716.075253,K,39
92083.33333333334,58904504148.96309,26638633123.95471,23569476603.906803,29552394759.27451,K,39
92500,59147305130.64127,26880252142.277668,23815675872.053463,29750096088.945866,K,39
92916.66666666667,59566352510.1874,27122961991.38313,23920886206.78664,30034195420.465588,K,39
93333.33333333334,59882403693.918106,27366762671.27109,24160830594.83684,30334799581.900642,K,39
93750,59934046044.2009,27611654181.94154,24355624659.1555,30692071927.11481,K,39
94166.66666666667,60239418640.24601,27857636523.394497,24590529887.125984,30887676093.510094,K,39
94583.33333333334,60501166579.71325,28104709695.629948,24804882483.771084,31047715866.015327,K,39
95000,60831467550.94572,28352873698.647884,25017301072.025402,31327489097.9504,K,39
95416.66666666667,61149304334.5845,28602128532.448326,25354205333.699776,31634362795.39723,K,39
95833.33333333334,61373659711.270714,28852474197.03127,25578808174.816025,31966327994.561783,K,39
96250,61722656963.89369,29103910692.396694,25737770966.503487,32210298966.855465,K,39
96666.66666666667,62305251505.0266,29356438018.544624,25972779358.8253,32489649889.967964,K,39
97083.33333333334,62612359172.64015,29610056175.47505,26207787751.14711,32647355435.38396,K,39
97500,62932001847.09507,29864765163.18797,26318510912.73198,32878144917.827446,K,39
97916.66666666667,63207771997.6052,30120564981.683395,26622860444.067345,33171489719.568485,K,39
98333.33333333334,63695025620.68186,30377455630.96131,26793404728.7731,33479311762.92285,K,39
98750,64092134637.41645,30635437111.021717,26976874475.05656,33916598745.555916,K,39
99166.66666666667,64580931568.88878,30894509421.864628,27203695478.226517,34211653976.05227,K,39
99583.33333333334,64954964646.59217,31154672563.49004,27490249989.644,34440321779.68694,K,39
100000,65297300005.846115,31415926535.89793,27706162449.247494,34735377010.1833,K,39
0,0,0,0,0,L,39
416.6666666666667,4803.998946700627,416.6666666666667,0,1377.7105307232903,L,39
833.3333333333334,7595.789274311908,833.3333333333334,0,1377.7105307232903,L,39
1250,11697.09270359752,1250,0,1948.3769175731118,L,39
1666.6666666666667,15619.594082491636,1666.6666666666667,0,2629.5725033516646,L,39
2083.3333333333335,18715.807687410022,2083.3333333333335,0,3145.0335318519706,L,39
2500,22255.376224929318,2500,1192.920409417619,3499.692836253477,L,39
2916.666666666667,25538.282499031968,2916.666666666667,1311.6672315651256,3499.692836253477,L,39
3333.3333333333335,28768.7928756057,3333.3333333333335,1293.1586560123176,4170.058836516142,L,39
3750,31380.00148234984,3750,1963.3703767865566,5221.097059007744,L,39
4166.666666666667,33247.782655180934,4166.666666666667,2407.724552729335,5425.418559843097,L,39
4583.333333333334,35827.67681705334,4583.333333333334,2407.724552729335,5775.799115512525,L,39
5000,38295.59724632224,5000,3310.702792505611,6033.935317595819,L,39
5416.666666666667,40516.171836821704,5416.666666666667,3548.516031842958,6632.756111059007,L,39
5833.333333333334,41164.34197461454,5833.333333333334,3943.955066212658,7143.696956716256,L,39
6250,42900.15917598567,6250,4159.450092158239,7620.456599837283,L,39
6666.666666666667,44650.19926946461,6666.666666666667,4921.527719805839,8069.096068991254,L,39
7083.333333333334,43704.69937232852,7083.333333333334,4844.851365935087,8357.76292925273,L,39
7500,45244.93746601723,7500,5529.879004981193,8513.245238223306,L,39
7916.666666666667,46584.74901154977,7916.666666666667,6270.786506117817,9117.756488366598,L,39
8333.333333333334,46670.23249114396,8333.333333333334,6680.077206518659,9510.083773397157,L,39
8750,46572.28194289847,8750,6965.176190026049,10172.423650820881,L,39
9166.666666666668,47712.0264861783,9166.666666666668,7367.779474432947,10521.342243531959,L,39
9583.333333333334,48633.25173202897,9583.333333333334,7444.866490336588,11025.037446834885,L,39
10000,48531.17984771194,10000,8239.172174182304,11258.80982126577,L,39
10416.666666666668,49315.93702178199,10416.666666666668,8560.16189693668,11778.620338387449,L,39
10833.333333333334,50113.98135273936,10833.333333333334,9104.334518948453,12308.459817298582,L,39
11250,49535.99042462619,11250,9490.645236732815,13019.436203103434,L,39
11666.666666666668,50123.194140336214,11666.666666666668,9958.071152481749,13464.673083340422,L,39
12083.333333333334,50730.046756910684,12083.333333333334,10385.559449873615,13837.524508500619,L,39
12500,50578.361416773194,12500,10835.628315619071,14275.021004747687,L,39
12916.666666666668,51131.91682965822,12916.666666666668,11169.110016307752,14941.714573589566,L,39
13333.333333333334,51738.9336971264,13333.333333333334,11602.950122308192,15337.590134856695,L,39
13750,52113.5012621482,13749.999999999998,12124.51191589627,15784.667448113272,L,39
14166.666666666668,52619.522048957515,14166.666666666668,12549.872709163968,16293.299262846922,L,39
14583.333333333334,53019.21451186021,14583.333333333334,12879.706594862517,16451.611862599842,L,39
15000,53704.86011660133,15000,13602.176204720316,16919.91270941351,L,39
15416.666666666668,54053.97447614126,15416.666666666668,13892.832406418713,17337.556468743944,L,39
15833.333333333334,54356.792494319634,15833.333333333334,14409.080555547029,17471.439201866317,L,39
16250,54769.79287997836,16250,14783.206386377553,17975.84569221685,L,39
16666.666666666668,55157.518252563736,16666.666666666668,15507.926805403678,18255.224050722856,L,39
17083.333333333336,55586.588812465714,17083.333333333336,15645.165095716986,18780.812808329447,L,39
17500,56014.39824320804,17500,16099.161105613939,19133.124266779083,L,39
17916.666666666668,56281.31656060619,17916.666666666668,16356.539016391387,19709.40160970009,L,39
18333.333333333336,56622.64842898146,18333.333333333336,16759.344215820725,20106.428366897275,L,39
18750,57063.5295927295,18750,17235.67036680181,20458.856085846484,L,39
19166.666666666668,57309.12777604698,19166.666666666668,17728.74674099668,20697.223498974876,L,39
19583.333333333336,57506.72982089325,19583.333333333336,18262.532985831494,21191.441693287237,L,39
20000,57806.53885088621,20000,18548.621731077303,21627.98413104909,L,39
20416.666666666668,58206.97556245891,20416.666666666668,18877.63732950151,22212.707495127932,L,39
20833.333333333336,58787.2902082353,20833.333333333336,19236.91085087038,22818.45775830023,L,39
21250,58888.592107181816,21250,19764.047103828536,23144.696559236123,L,39
21666.666666666668,59035.63001923387,21666.666666666668,20205.231755417288,23558.027373519984,L,39
22083.333333333336,59402.08432717664,22083.333333333336,20679.094092210555,23876.78887748803,L,39
22500,59815.87268277894,22500,21073.631737609852,24179.98967079709,L,39
22916.666666666668,60144.132985399796,22916.666666666668,21498.29469329946,24850.892019684023,L,39
23333.333333333336,60624.17057480669,23333.333333333336,21609.614290202484,25156.357822749582,L,39
23750,61034.24652683659,23750,22095.56418180087,25476.409237868866,L,39
24166.666666666668,61576.538676392884,24166.666666666668,22415.282870338604,26035.45186466092,L,39
24583.333333333336,62183.21873228496,24583.333333333336,22930.64405280059,26242.166941779364,L,39
25000,62740.05491519895,25000,23269.709196381024,26731.25111052538,L,39
25416.666666666668,63291.992302479804,25416.666666666668,23774.201915221154,27180.871700035117,L,39
25833.333333333336,63691.97315468155,25833.333333333336,24043.398576295087,27513.226582956613,L,39
26250,64106.683817921425,26250,24372.617950628242,27818.286606730697,L,39
26666.666666666668,64611.84238913973,26666.666666666668,24596.43687405836,28305.435322083547,L,39
27083.333333333336,65117.54632783026,27083.333333333336,25301.150395618046,28810.22203803232,L,39
27500,65528.38665785916,27499.999999999996,25761.370413711724,29130.087586139234,L,39
27916.666666666668,65902.74039336,27916.666666666668,26422.317894992506,29334.923586382436,L,39
28333.333333333336,66173.66749826641,28333.333333333336,26624.103482747523,29764.490896576306,L,39
28750,66759.91901040399,28750,26823.350231267974,30389.02431145806,L,39
29166.666666666668,67024.79007883059,29166.666666666668,27357.389436367383,30747.990507384045,L,39
29583.333333333336,67411.10330725224,29583.333333333336,27774.079070398522,31102.814050853503,L,39
30000,67861.79541091822,30000,28278.71471495266,31575.228345985703,L,39
30416.666666666668,68333.44296829084,30416.666666666668,28765.654015429816,31998.52945392771,L,39
30833.333333333336,68836.21245249384,30833.333333333336,29225.601359218275,32515.153261853222,L,39
31250,69360.9372997872,31250,29666.967487521317,32758.897984610045,L,39
31666.666666666668,69832.3638699438,31666.666666666668,29989.73502921744,33249.89967840692,L,39
32083.333333333336,70467.68456328563,32083.333333333336,30183.072150855125,33714.89367838928,L,39
32500,70950.0623273217,32500,30664.17078339388,34092.17891690871,L,39
32916.66666666667,71427.34435974188,32916.66666666667,31236.69906048763,34353.84615303536,L,39
33333.333333333336,71951.1824127119,33333.333333333336,31623.31922241212,34864.76786622781,L,39
33750,72449.34473862809,33750,32121.646607715338,35383.50640083964,L,39
34166.66666666667,72884.8746947603,34166.66666666667,32530.52360675881,35952.101803942896,L,39
34583.333333333336,73374.80766767482,34583.333333333336,33004.91123181781,36382.64469288299,L,39
35000,74026.45687289523,35000,33303.39101263221,36696.02695840669,L,39
35416.66666666667,74757.49629603971,35416.66666666667,33719.812728795325,37184.31916518777,L,39
35833.333333333336,75314.95518001077,35833.333333333336,34226.16109024048,37485.7999775169,L,39
36250,75792.45335478614,36250,34804.89591656566,37845.50349964767,L,39
36666.66666666667,76281.96836797666,36666.66666666667,35251.37764179098,38200.65900643557,L,39
37083.333333333336,76784.52210179083,37083.333333333336,35708.439535046266,38644.69915002551,L,39
37500,77421.28703650391,37500,36026.367137039626,39078.85046393179,L,39
37916.66666666667,77874.06006884789,37916.66666666667,36227.6704907456,39487.157279749765,L,39
38333.333333333336,78227.52368044443,38333.333333333336,36632.833501598434,40049.36731919296,L,39
38750,78640.11896676908,38750,36909.31163899233,40642.22821097471,L,39
39166.66666666667,78959.53587439583,39166.66666666667,37350.83704022035,40968.36426120021,L,39
39583.333333333336,79396.63593496621,39583.333333333336,37721.40621425039,41305.79805762415,L,39
40000,79807.69255215753,40000,38257.39616220225,41748.784181484494,L,39
40416.66666666667,80203.46429253832,40416.66666666667,38680.40538565954,42208.80727351813,L,39
40833.333333333336,80769.64138180327,40833.333333333336,39047.5161675248,42684.16713437432,L,39
41250,81123.25827541799,41250,39427.769905554545,43030.04323649437,L,39
41666.66666666667,81584.56720716739,41666.66666666667,39768.67619407024,43409.87485101528,L,39
42083.333333333336,82235.18139986527,42083.333333333336,39941.65151156268,44039.54330544683,L,39
42500,82656.3830355994,42500,40145.43068842692,44463.611886046194,L,39
42916.66666666667,82982.50624570243,42916.66666666667,40670.861080178016,44842.705767492604,L,39
43333.333333333336,83607.15893178638,43333.333333333336,40930.613440402565,45195.198170807336,L,39
43750,83992.26994692703,43750,41226.37212423148,45606.287251734524,L,39
44166.66666666667,84352.67117204047,44166.66666666667,41575.528663802994,45952.4062105085,L,39
44583.333333333336,85144.28152091472,44583.333333333336,41889.282774195446,46317.0998942049,L,39
45000,85503.78374697769,45000,42482.29040575316,46657.36414273378,L,39
45416.66666666667,86157.71282824589,45416.66666666667,42971.88785503779,47403.14251828525,L,39
45833.333333333336,86969.14090345171,45833.333333333336,43322.19559074772,47972.79750130143,L,39
46250,87647.65805449753,46250,43755.341690336616,48544.79851566533,L,39
46666.66666666667,88117.67142397189,46666.66666666667,44132.99385490412,48958.61355373526,L,39
47083.333333333336,88629.37185839468,47083.333333333336,44705.45189648066,49384.15789480505,L,39
47500,89008.0344895511,47500,45128.2767200634,49783.702903212834,L,39
47916.66666666667,89608.59576878077,47916.66666666667,45658.71259308661,50411.19856454638,L,39
48333.333333333336,90152.69915209987,48333.333333333336,46048.31356651279,50764.08126228658,L,39
48750,90604.44425139252,48750,46415.85059624614,51135.84519587849,L,39
49166.66666666667,91085.76223353138,49166.66666666667,46900.66824086337,51570.03207217081,L,39
49583.333333333336,91730.44069273425,49583.333333333336,47486.6354188314,51843.35142937076,L,39
50000,92220.5706202116,50000,47884.29736834733,52411.44333205989,L,39
50416.66666666667,92666.87143363291,50416.66666666667,48169.38502690851,52784.48991006407,L,39
50833.333333333336,93324.65321841823,50833.333333333336,48570.25069482694,53148.30060791253,L,39
51250,93735.95822239746,51250,49108.75808883322,53558.907833511534,L,39
51666.66666666667,94184.56661179003,51666.66666666667,49459.2289214247,53969.55002546854,L,39
52083.333333333336,94694.21023977669,52083.333333333336,49878.245841906566,54282.71997924923,L,39
52500,95221.38637779884,52500,50340.10168525485,54669.56750886847,L,39
52916.66666666667,95643.28549329734,52916.66666666667,50817.66531813575,55079.612684590495,L,39
53333.333333333336,96036.34682704051,53333.333333333336,51229.15110712417,55494.44265954404,L,39
53750,96494.12242825671,53750.00000000001,51637.357968113225,55812.32695770244,L,39
54166.66666666667,96970.1191157199,54166.66666666667,51993.90200951414,56155.20491189023,L,39
54583.333333333336,97359.39667509713,54583.333333333336,52212.765655615,56541.986615809474,L,39
55000,97644.85505338527,54999.99999999999,52498.37675370697,57153.01004071821,L,39
55416.66666666667,98075.123125536,55416.66666666667,52887.182069168506,57533.08412105538,L,39
55833.333333333336,98438.28486252615,55833.333333333336,53237.73922724568,58051.623014853605,L,39
56250,98951.68447534941,56250,53591.68675962763,58612.070022374035,L,39
56666.66666666667,99390.6563225387,56666.66666666667,54049.87423686535,59015.1223399572,L,39
57083.333333333336,99877.72789277423,57083.333333333336,54370.22351778118,59559.71100365794,L,39
57500,100338.77844646605,57500,54859.385420334525,59829.71797624595,L,39
57916.66666666667,100937.1197471907,57916.66666666667,55222.69657894531,60183.56853895744,L,39
58333.333333333336,101351.41297140803,58333.333333333336,55710.39181341055,60689.32170381875,L,39
58750,101721.41374382368,58750.00000000001,56273.03238374991,61161.44925879426,L,39
59166.66666666667,102111.30177230081,59166.66666666667,56417.51950222083,61634.62603958382,L,39
59583.333333333336,102938.29245753503,59583.333333333336,56790.60596082682,62179.722758210606,L,39
60000,103748.68995086638,60000,57055.93559189279,62572.52034466187,L,39
60416.66666666667,104110.66698263069,60416.66666666667,57471.030679828924,62904.76615110903,L,39
60833.333333333336,104712.78644786269,60833.333333333336,57752.20902446923,63372.81914520845,L,39
61250,105122.29118725573,61250,57973.22861912255,63821.18949670547,L,39
61666.66666666667,105921.24526614264,61666.66666666667,58431.92150050041,64394.7431225681,L,39
62083.333333333336,106278.72315298687,62083.333333333336,58832.81638293743,65066.2785195129,L,39
62500,106664.18019436185,62500,59182.8411848537,65495.12290852436,L,39
62916.66666666667,107076.64406086934,62916.66666666667,59444.00723440508,65962.11722149259,L,39
63333.333333333336,107820.0982445128,63333.333333333336,59797.75272504546,66402.71984417643,L,39
63750,108215.82152396736,63750,60170.70622116762,66902.30119434145,L,39
64166.66666666667,108589.01705796915,64166.66666666667,60784.32992234922,67465.23082694782,L,39
64583.333333333336,109023.9641480289,64583.333333333336,61304.36898685582,67846.42598771556,L,39
65000,109359.50932965442,65000,61534.5531610229,68351.37929116124,L,39
65416.66666666667,109707.9442574216,65416.66666666667,62036.25315024495,68772.49816427597,L,39
65833.33333333334,110083.01524642944,65833.33333333334,62428.90978226221,69263.29887847498,L,39
66250,110663.08892022954,66250,62950.87276824764,69709.72681597152,L,39
66666.66666666667,111191.26349998772,66666.66666666667,63350.89409770929,70219.4318255254,L,39
67083.33333333334,111789.10021968622,67083.33333333334,63686.813461640224,70736.6676169871,L,39
67500,112165.37825256037,67500,64020.970273937106,71161.11377078385,L,39
67916.66666666667,112512.66182011775,67916.66666666667,64388.17427503301,71549.82348753877,L,39
68333.33333333334,112930.21323589646,68333.33333333334,64961.06091313652,71980.48454376058,L,39
68750,113391.6157323919,68750,65344.87625059938,72331.93239234836,L,39
69166.66666666667,113813.59750033652,69166.66666666667,65550.37493186476,72819.3012449625,L,39
69583.33333333334,114310.31837455845,69583.33333333334,65847.78945163147,73287.9478471496,L,39
70000,114534.51141832893,70000,66237.8686272187,73764.86937848931,L,39
70416.66666666667,115040.01364773209,70416.66666666667,66761.71522594089,74165.03361760905,L,39
70833.33333333334,115608.70808971625,70833.33333333334,67262.43530951472,74702.39054739138,L,39
71250,115980.72335123656,71250,67546.3388862926,75147.06782574469,L,39
71666.66666666667,116879.28740088375,71666.66666666667,68273.0631969046,75594.94703588421,L,39
72083.33333333334,117810.56721185306,72083.33333333334,68607.03702776598,76029.61758821605,L,39
72500,118198.72303847987,72500,69109.63135680725,76453.75779864255,L,39
72916.66666666667,118589.32228027422,72916.66666666667,69550.29234448027,76837.3532209141,L,39
73333.33333333334,119065.22995112845,73333.33333333334,69767.10518231796,77228.8755025431,L,39
73750,119926.41123405923,73750,70048.57463375377,77766.23013070981,L,39
74166.66666666667,120947.6733412529,74166.66666666667,70505.40198784675,78526.62965935805,L,39
74583.33333333334,121515.57257078767,74583.33333333334,70886.27748951438,79123.96092410968,L,39
75000,121897.40888683207,75000,71072.72105734474,79530.97700006212,L,39
75416.66666666667,122355.44625961887,75416.66666666667,71729.62531761354,80013.78718514091,L,39
75833.33333333334,123198.16267750552,75833.33333333334,72079.24375937808,80266.46293151569,L,39
76250,123826.01988443155,76250,72475.28310888728,80821.65682943616,L,39
76666.66666666667,124267.41881448695,76666.66666666667,73057.7926388259,81269.31031358539,L,39
77083.33333333334,124760.62824915328,77083.33333333334,73421.4994483215,81645.37008804186,L,39
77500,125094.86323215709,77500,73905.91349309709,81957.90933246235,L,39
77916.66666666667,125538.37605500876,77916.66666666667,74289.56348407004,82341.7406385994,L,39
78333.33333333334,125728.258994078,78333.33333333334,74690.61483946053,82754.69077444555,L,39
78750,126143.1899004107,78750,75218.99975072416,83206.5688412388,L,39
79166.66666666667,126668.08137407248,79166.66666666667,75488.37505312449,83692.72361154605,L,39
79583.33333333334,127031.91711260723,79583.33333333334,75821.07099189497,84375.77188231805,L,39
80000,127430.22645278394,80000,76348.11230452503,84725.49619533907,L,39
80416.66666666667,127673.38059884301,80416.66666666667,76655.0487316376,85282.51367356106,L,39
80833.33333333334,128001.70377617479,80833.33333333334,77135.67757785817,85711.94518321699,L,39
81250,128333.3336405318,81250,77589.54212761346,86027.53153506716,L,39
81666.66666666667,128600.18112868782,81666.66666666667,78054.3999310992,86372.2802023729,L,39
82083.33333333334,128898.28820585832,82083.33333333334,78429.64422280139,86849.11440871267,L,39
82500,129108.21451561355,82500,78698.89386465673,87152.11258834745,L,39
82916.66666666667,129220.68243234699,82916.66666666667,79062.35881100502,87634.73065324564,L,39
83333.33333333334,129510.96850507922,83333.33333333334,79344.7252769883,88103.58979024155,L,39
83750,129822.30210013586,83750,79654.17228653785,88523.65696595743,L,39
84166.66666666667,129966.85431293632,84166.66666666667,80056.89642955194,89034.76188292257,L,39
84583.33333333334,130421.14658626645,84583.33333333334,80596.19734460572,89368.68787686997,L,39
85000,131066.86494461512,85000,80887.53125387423,89777.2439680442,L,39
85416.66666666667,131282.7314619156,85416.66666666667,81114.18677698453,90183.5280542969,L,39
85833.33333333334,131577.17629391418,85833.33333333334,81523.39376065278,90604.68686302235,L,39
86250,131956.82650145347,86250,82042.52224358947,91028.39417651828,L,39
86666.66666666667,132320.1579438569,86666.66666666667,82293.88715605221,91592.2438185691,L,39
87083.33333333334,132606.72061397397,87083.33333333334,82474.95203315314,92033.39480433096,L,39
87500,132942.64245379018,87500,82857.39897068025,92378.60886909586,L,39
87916.66666666667,133420.0475567772,87916.66666666667,83149.61675209072,92965.01722185497,L,39
88333.33333333334,133768.1158884347,88333.33333333334,83605.47177134587,93407.42300397882,L,39
88750,134315.94589579428,88750,83785.87409503764,93747.85208630565,L,39
89166.66666666667,134621.05660213856,89166.66666666667,84138.97927251202,94449.88831014931,L,39
89583.33333333334,134989.10644475342,89583.33333333334,84743.04013936318,94999.19762327627,L,39
90000,135349.10626975188,90000,85118.79775264552,95371.90224667732,L,39
90416.66666666667,135658.92670821192,90416.66666666667,85511.20282070551,95737.00231429136,L,39
90833.33333333334,136092.5324463675,90833.33333333334,85940.83809682785,96070.45850106793,L,39
91250,136423.48282392707,91250,86271.5822056602,96543.39265536785,L,39
91666.66666666667,136608.25253809232,91666.66666666667,86928.9102679686,96894.07812771309,L,39
92083.33333333334,136930.22314802918,92083.33333333334,87265.48417209217,97512.53932559375,L,39
92500,137212.14218943004,92500,87610.60669809944,97901.57355774438,L,39
92916.66666666667,137697.34524638194,92916.66666666667,88154.0929144752,98497.08740450187,L,39
93333.33333333334,138062.16391257555,93333.33333333334,88781.53209888296,98793.49820820145,L,39
93750,138121.68321760223,93750,89173.24923379689,99424.30442042937,L,39
94166.66666666667,138473.11107631846,94166.66666666667,89444.77351307032,99808.08848422128,L,39
94583.33333333334,138773.6266297566,94583.33333333334,90011.09206369212,100268.64565593269,L,39
95000,139151.92241767445,95000,90301.73244567656,100639.47013665318,L,39
95416.66666666667,139514.9744757156,95416.66666666667,90902.33429496983,101136.54021538503,L,39
95833.33333333334,139770.6787469292,95833.33333333334,91406.20746137355,101661.62529177124,L,39
96250,140167.51375813925,96250,91447.18402117018,101919.53274740033,L,39
96666.66666666667,140827.474291125,96666.66666666667,91885.78214425448,102150.51863342753,L,39
97083.33333333334,141174.12270647092,97083.33333333334,92256.66960590956,102579.3149106549,L,39
97500,141534.01833222617,97500,92683.47948085894,103045.05766828645,L,39
97916.66666666667,141843.7827699498,97916.66666666667,93020.59137548368,103470.1469039334,L,39
98333.33333333334,142389.45310588446,98333.33333333334,93412.61654790591,103960.68904416615,L,39
98750,142832.62961141695,98750,93661.19035546332,104267.30188040061,L,39
99166.66666666667,143376.24969755684,99166.66666666667,93977.85585542701,104620.70280840453,L,39
99583.33333333334,143790.8460359313,99583.33333333334,94298.58091782406,104958.46130177527,L,39
100000,144169.26209483668,100000,94669.06245920136,105354.00256148182,L,39
