DHSCLUST,region_eds,milieu,lat,lon,n_menages,poids_total,tx_eau_amelioree,tx_electricite,taille_moy_menage,Travel_Times_2015,Nightlights_Composite,Aridity_2015,Malaria_Prevalence_2015,All_Population_Count_2015
1,EXTREME-NORD,U,10.748742,14.607247,28,28.084979999999998,99.99999999999999,53.57142857142857,4.892857142857143,46.285714285714285,0.14885075887044272,11.652567863464355,0.1919313371181488,332.19873046875
2,EST,R,3.896324,13.282114,28,12.850404,35.714285714285715,0,6.178571428571429,126.514745308311,0,36.98813247680664,0.33688706159591675,2613.1865234375
3,CENTRE,U,4.554889,11.379685,28,24.478412000000002,96.42857142857143,85.71428571428571,8.785714285714285,45.875,0.11110309968914904,35.85752868652344,0.3167681097984314,118.07286834716795
5,YAOUNDE,U,3.860075,11.547974,28,21.024639999999998,100,100,3.892857142857143,0,16.233274366034838,35.7159423828125,0.1604199260473251,243690.40625
7,ADAMAOUA,R,6.520462,13.187004,24,6.956208,20.833333333333332,0,6.458333333333332,26.31607629427793,0.00366078325220056,38.029998779296875,0.312897095313439,19155.783203125
8,NORD-OUEST,U,5.940608,10.149462,25,25.318825,100,96,2.88,0,2.1290850146063445,42.5,0.03336325287818909,13475.48828125
10,EXTREME-NORD,R,10.772808,13.805082,28,8.829968000000001,50,14.285714285714285,5.071428571428572,20.43699731903485,0.05787998680435394,11.610509872436523,0.25741344690322876,91183.8046875
11,LITTORAL,U,3.801051,10.092532,28,18.677176,89.28571428571429,100,6,29.866666666666667,0.4008956119931978,50.90056610107422,0.2584601640701294,3020.30517578125
12,DOUALA,U,4.093956,9.73572,26,29.549416,100,100,3.8846153846153846,2.230769230769231,8.984165586274246,58.0782585144043,0.1217355951666832,28565.5625
13,SUD,U,2.91139,11.155678,28,9.210123999999999,100,96.42857142857143,4.214285714285714,0,1.9615779999763736,41.514286041259766,0.2392454445362091,89641.1796875
14,EXTREME-NORD,R,10.61429,13.560029,25,24.658025,80,4,8.64,71.45092838196287,2.063746734332e-4,11.610509872436523,0.19781732559204104,58764.5703125
15,SUD,R,3.163996,12.270948,28,20.95618,89.28571428571428,96.42857142857143,8.142857142857142,180.20765027322403,0.09749712707395054,36.262996673583984,0.40759506821632385,3849.981201171875
17,DOUALA,U,4.105737,9.755721,28,47.159672,100,100,4.821428571428571,2.7857142857142856,5.436370849609375,58.0782585144043,0.11841913312673567,7191.736328125
18,EXTREME-NORD,U,12.058918,15.054558,28,37.525292,100,78.57142857142858,5.7857142857142865,9.928571428571429,0.9350212360250538,8.035714149475098,0.1090715155005455,61126.51171875
19,SUD,R,2.848274,9.985541,28,10.360392000000001,100,100,3.4642857142857135,43.733695652173914,0.01036103480396516,NA,0.2328002793448312,3593.560546875
20,CENTRE,U,3.525336,11.513008,27,30.958011,99.99999999999999,99.99999999999999,5.407407407407407,0.7692307692307693,1.5443285533360072,35.7159423828125,0.2271263897418976,1135.650634765625
21,OUEST,R,5.579095,10.189361,28,24.997084,28.57142857142857,53.57142857142857,5.5357142857142865,10.592493297587133,0.04588577002085271,42.5,0.05449626967310905,174376.3125
22,SUD-OUEST,U,4.622384,9.444195,26,20.901348,100,100,4.769230769230769,0.14285714285714285,2.2320180093088458,59.2621955871582,0.11753080040216446,104627.34375
24,SUD-OUEST,U,4.634657,9.435357,24,17.911296,100,100,3.6666666666666665,0.13333333333333333,2.5374321371822033,59.2621955871582,0.08812224864959717,98199.234375
26,CENTRE,R,3.811606,11.603266,28,74.725336,85.71428571428571,96.42857142857143,5.678571428571429,8.387533875338754,2.8909620202105977,35.7159423828125,0.29844174018272984,771283.25
27,EST,R,4.981892,14.36526,28,17.017812,42.857142857142854,17.857142857142854,5.357142857142857,147.5994623655914,0,37.04154968261719,0.3578144073486328,2770.63525390625
28,EST,U,4.559971,13.686116,28,22.48778,96.42857142857143,92.85714285714286,5.749999999999999,1.2857142857142858,1.6962855021158854,36.56145095825195,0.23917677998542783,29105.31640625
29,NORD-OUEST,U,6.083634,10.650983,28,18.057788,100,85.71428571428571,3.892857142857143,18.1875,0.04769044497917438,42.581581115722656,0.07281019538640976,12407.79296875
30,NORD-OUEST,R,6.477943,11.177667,26,60.830354,19.23076923076923,23.076923076923077,5.307692307692308,79.66397849462365,0,38.39949035644531,0.2604067921638489,44535.203125
31,YAOUNDE,U,3.835144,11.551993,28,34.428268,96.42857142857142,96.42857142857142,4.857142857142857,0,10.066312662760415,35.7159423828125,0.1604199260473251,145155.15625
32,DOUALA,U,4.076391,9.809283,28,52.061464,99.99999999999999,99.99999999999999,4.9642857142857135,4,1.864807646153337,58.0782585144043,0.1334429830312729,23358.33203125
33,CENTRE,R,3.98103,12.013033,28,12.8611,42.857142857142854,0,4.25,55.55737704918032,0.00122658411661783,35.12753677368164,0.4066912333170573,5405.7666015625
34,ADAMAOUA,R,6.734582,11.742845,27,15.322769999999998,29.62962962962963,0,7.074074074074074,145.96486486486486,0.01659298072164533,37.324806213378906,0.32911189397176105,8075.54248046875
35,EXTREME-NORD,R,10.504882,13.99916,28,53.626467999999996,60.714285714285715,0,5.428571428571429,57.73209549071618,0.00340876116800467,12.522293090820313,0.17310306004115514,39833.328125
37,ADAMAOUA,R,6.44937,13.899092,28,9.78796,89.28571428571429,3.5714285714285716,4.642857142857142,41.682065217391305,0,39.31829452514648,0.32981885274251305,5622.8291015625
38,NORD-OUEST,R,5.902825,10.432144,28,75.38468,78.57142857142857,53.57142857142857,4.928571428571428,22.13978494623656,0.00687409288362376,42.5,0.08396771748860678,74305.6171875
40,CENTRE,R,4.537451,11.044174,28,27.284264,28.57142857142857,17.857142857142858,6.821428571428571,86.5,0.00672954087005739,35.85752868652344,0.25757589340209963,9371.494140625
41,CENTRE,R,4.732893,11.685174,28,68.253556,57.14285714285714,10.714285714285714,8.285714285714285,172.8773841961853,0,34.43783950805664,0.4328494389851888,2263.2900390625
43,NORD-OUEST,R,6.1474780000000004,10.574478,28,38.90614,100,74.99999999999999,4.75,38.44235924932976,0.00143811702728271,42.581581115722656,0.06327324254172188,74763.671875
44,EXTREME-NORD,U,10.635626,14.312358,27,46.68327,100,70.37037037037037,3.4444444444444446,5.9375,0.32930390040079754,11.393665313720703,0.12903693318367004,592.9739990234375
45,ADAMAOUA,R,6.481658,11.295456,26,14.726894,65.38461538461539,34.61538461538461,5.4230769230769225,94.17886178861788,0,38.39949035644531,0.29020649194717407,13665.2421875
46,NORD,R,9.794025,13.775338,28,25.140332,39.285714285714285,0,7.607142857142858,51.03191489361702,4.231147542845e-4,13.223880767822266,0.16247287392616272,20879.74609375
47,OUEST,R,5.183025,10.37522,26,19.796842,100,100,5.538461538461538,46.41530054644809,0.01961728573812674,47.402366638183594,0.082679383456707,72385.8984375
48,EXTREME-NORD,R,10.511903,14.37952,27,21.316851,70.37037037037038,14.814814814814815,5.777777777777778,35.770270270270274,0.02611621614283941,12.078824996948242,0.20593178272247312,215109.84375
49,NORD,U,9.345229,13.430497,27,50.353164,96.2962962962963,81.48148148148147,5.481481481481481,1.5,1.7285420735677084,15.235610961914063,0.20735257863998413,37443.2578125
50,DOUALA,U,4.009312,9.731632,27,36.454023,81.48148148148148,100,3.8888888888888893,0,8.02919963254767,57.6485710144043,0.0799097865819931,98743.6875
51,YAOUNDE,U,3.90023,11.569175,28,52.065916,99.99999999999999,99.99999999999999,4.821428571428571,0.3125,7.185776283001077,35.7159423828125,0.16009853780269623,9359.322265625
52,YAOUNDE,U,3.861414,11.521972,28,45.999996,100,100,3.2857142857142856,0,30.10043785220287,35.7159423828125,0.13904230296611786,289486.3125
53,DOUALA,U,4.032733,9.696958,27,17.893089,96.2962962962963,100,4.481481481481482,0,23.93065371755826,58.0782585144043,0.10201852023601532,162725.734375
54,DOUALA,U,4.066906,9.656266,28,31.993416,100,100,3.7857142857142856,1.3076923076923077,5.05447839807581,58.0782585144043,0.10368698835372923,173592.65625
55,CENTRE,R,4.136299,11.414676,28,22.205708,39.28571428571428,0,6.428571428571428,62.0188679245283,0.02026593766024834,38.24444580078125,0.40493753978184294,29384.22265625
56,NORD,U,9.316661,13.406751,27,13.273227,100,100,4.703703703703703,0.3125,5.481726694915254,15.235610961914063,0.17260584235191345,97750.8828125
58,YAOUNDE,U,3.876842,11.5714,28,54.036808,100,100,5.035714285714286,0.06666666666666667,9.735366295123924,35.7159423828125,0.16009853780269623,54644.51171875
59,NORD,R,8.694151,14.11199,28,61.132876,14.285714285714286,10.714285714285714,5.571428571428572,36.44173441734417,0.00480402460034261,18.758621215820313,0.3498005549112956,14664.1513671875
60,SUD-OUEST,U,4.030813,9.200917,27,21.965229,92.59259259259258,100,3.444444444444444,3.2,1.4576548258463542,62.77460479736328,0.1705780327320099,48101.28125
61,EST,U,4.558363,13.691008,28,44.677668,100,100,5.5357142857142865,1.6875,1.3234935559724506,36.56145095825195,0.23917677998542783,23537.376953125
62,OUEST,R,5.495849,10.137708,26,16.616132,96.15384615384615,96.15384615384615,4.961538461538462,12.497267759562842,0.02553053941771882,47.402366638183594,0.06610717943736485,192696.96875
63,NORD-OUEST,U,5.967571,10.166249,26,15.359759999999998,100,96.15384615384616,3.9230769230769234,0,2.1660947297748767,42.5,0.04430526122450828,56023.7109375
64,EST,R,2.621281,16.066787,28,15.274028000000001,67.85714285714285,100,6.499999999999999,673.9919786096257,0.03195814723553865,37.98904037475586,0.3322474797566732,3693.95556640625
65,YAOUNDE,U,3.863223,11.510405,28,30.210544,100,100,4.357142857142857,0,31.639982096354167,35.7159423828125,0.13904230296611786,281926.9375
66,SUD-OUEST,U,4.018115,9.213397,27,37.562805000000004,100,100,4.2592592592592595,4.071428571428571,1.7530249902757549,62.77460479736328,0.1721256971359253,37445.49609375
67,OUEST,U,5.729717,10.880422,28,30.77284,100,100,5.785714285714286,0.07142857142857142,0.8980968080717942,40.27055740356445,0.09945366531610488,1587.534912109375
68,EXTREME-NORD,R,10.269892,15.314019,28,56.788788,50,0,5.428571428571429,23.952,0.05285432034690908,13.736089706420898,0.17234142010028547,129227.796875
69,LITTORAL,R,4.387741,9.590052,27,21.250890000000002,51.851851851851855,85.18518518518519,4.481481481481482,59.36729222520107,0.00663422087385011,58.0782585144043,0.24309509141104563,8617.92578125
70,SUD-OUEST,U,4.63092,9.445619,26,14.655238,100,100,2.9615384615384612,0,2.9268946154364226,59.2621955871582,0.08812224864959717,162013.03125
71,OUEST,R,5.424928,9.993681,27,27.018549000000004,85.18518518518518,88.88888888888889,4.777777777777778,13.25,0.05121714308524987,51.96783447265625,0.06925627163478307,220402.0625
72,YAOUNDE,U,3.907015,11.53483,28,52.037272,92.85714285714286,96.42857142857142,6.5,0,13.83207259639617,35.7159423828125,0.14466910064220428,35173.54296875
73,ADAMAOUA,R,7.217011,13.377281,27,18.632673,22.22222222222222,0,6,42.07608695652174,0,35.942501068115234,0.26924136706760954,329.05230712890625
74,ADAMAOUA,U,7.342041,13.581633,28,13.750436,82.14285714285714,100,5.321428571428571,0.375,4.1980919673525054,36.7579460144043,0.1704142987728119,46596.5
75,OUEST,U,5.506991,10.626994,28,43.104964,100,92.85714285714285,6.642857142857143,0.21428571428571427,0.3993582491014824,40.63114929199219,0.08446985483169556,32126.384765625
77,SUD-OUEST,U,4.081024,9.311226,27,25.176258,100.00000000000001,96.29629629629629,3.555555555555556,5.5,0.561150785352363,62.77460479736328,0.18468214571475983,2277.9765625
78,OUEST,R,5.159678,10.19175,28,30.671088,96.42857142857142,100,4.571428571428571,40.69945355191257,0.06248999126886917,47.402366638183594,0.08241363366444905,141641.03125
79,ADAMAOUA,R,6.89861,14.116911,28,13.875148,46.42857142857143,0,6.607142857142857,50.54032258064516,0.00165138292794275,37.95486831665039,0.29255104064941406,1008.2794799804688
80,OUEST,R,5.514035,11.109744,28,45.943884,17.857142857142858,0,6.5,63.88709677419355,0,36.47013092041016,0.3001224398612976,24793.490234375
81,EXTREME-NORD,R,12.370664,14.306798,28,21.813512,100,0,5.92857142857143,27.344736842105263,0,7.587904453277588,0.19220709800720215,28093.8125
82,YAOUNDE,U,3.932079,11.495208,28,52.697792,100,96.42857142857143,5.678571428571429,7.733333333333333,3.9988310215836864,40.57988357543945,0.26350444555282593,18566.609375
83,SUD,R,2.849471,12.133115,28,10.753708,78.57142857142857,50,7.142857142857142,160.23835616438356,0.00457080194461581,36.880126953125,0.4355817159016927,2373.183349609375
84,NORD,R,8.974587,14.007306,28,32.452867999999995,14.285714285714286,21.42857142857143,6.321428571428572,105.41239892183287,6.6568141031746e-4,18.758621215820313,0.28416531880696616,2445.12158203125
85,ADAMAOUA,R,6.821946,12.173967,28,3.074092,85.71428571428571,0,4.571428571428571,213.12600536193028,0,36.88916778564453,0.4004964828491211,3820.726318359375
86,EST,R,4.066,13.808248,28,9.268139999999999,7.142857142857143,0,6.142857142857143,145.02459016393442,0,37.5639533996582,0.41828028361002606,1463.4326171875
87,EXTREME-NORD,R,10.773269,14.137739,28,26.33442,57.14285714285714,0,5.5,49.116216216216216,0.00504891691449161,11.393665313720703,0.202434241771698,40481.3828125
88,EXTREME-NORD,R,10.652,14.456058,28,56.655480000000004,82.14285714285715,25,4.678571428571428,31.27077747989276,0.01676303937920966,11.393665313720703,0.20963178362165177,74317.03125
89,YAOUNDE,U,3.875797,11.527326,28,34.973904000000005,100,100,3.8214285714285716,0,27.521780240333687,35.7159423828125,0.14466910064220428,225965.953125
90,CENTRE,R,4.954135,12.980352,28,24.98104,28.571428571428573,0,5.392857142857142,126.74184782608695,0,34.24109649658203,0.3467061519622803,3205.540283203125
91,LITTORAL,U,3.809854,10.108286,27,9.367542,100,100,3.8518518518518516,24,1.517749260211813,50.90056610107422,0.2584601640701294,21902.1640625
92,OUEST,U,5.160928,10.0137,28,17.768072,100,100,5.285714285714286,14.533333333333331,0.19133795102437337,47.402366638183594,0.07910602539777756,21505.939453125
93,SUD,R,3.438211,12.364209,28,12.988555999999999,64.28571428571429,0,6.392857142857142,159.77777777777777,0.00305892458453087,36.262996673583984,0.4033612012863159,5069.95703125
94,EST,U,4.90973,13.288619,28,20.004516000000002,96.42857142857143,82.14285714285714,7.75,39.53333333333333,0.988845443725586,35.45429229736328,0.347506582736969,9843.720703125
95,YAOUNDE,U,3.858902,11.554256,28,27.699504,96.42857142857143,92.85714285714285,4.892857142857143,0,14.53406182650862,35.7159423828125,0.1604199260473251,200854.53125
96,EXTREME-NORD,U,12.576924,14.461078,28,44.648156,100,0,5.892857142857143,46.8125,0,7.259002685546875,0.16193720698356628,193.44781494140625
97,SUD,R,2.989591,11.39137,28,11.22898,64.28571428571428,71.42857142857142,7.035714285714286,56.474393530997304,0.00673359137814061,41.514286041259766,0.32275492350260415,3750.845947265625
98,DOUALA,U,4.070072,9.677475,27,23.86368,100,92.5925925925926,4.7407407407407405,0,10.89967744246773,58.0782585144043,NA,79364.9453125
99,DOUALA,U,4.021958,9.756071,28,64.52034400000001,100,100,4.642857142857142,0,9.841607666015625,58.0782585144043,0.08609534800052643,121471.109375
100,OUEST,R,5.2395,10.258331,28,18.112807999999998,75,71.42857142857143,4.607142857142857,38.46774193548387,0.01870972659136798,47.402366638183594,0.0803281239100865,49497.8046875
101,CENTRE,R,3.891966,10.834808,27,23.700762,92.59259259259258,88.88888888888887,3.185185185185185,134.65934065934067,0.01204676611948821,44.48732376098633,0.3230224549770355,14153.427734375
102,OUEST,R,5.453997,10.799964,28,45.294171999999996,7.142857142857142,0,5.7142857142857135,50.40909090909091,0,40.63114929199219,0.17933079174586705,18838.623046875
103,EXTREME-NORD,R,10.838436,15.06912,1,0.181747,0,0,2,180.8484042553191,0.00314233612663136,12.365591049194336,0.15179446538289387,18747.2265625
105,NORD,R,7.843986,14.87108,28,47.86782,53.57142857142857,3.5714285714285716,6.285714285714286,71.36585365853658,0,29.866107940673828,0.3500235080718994,4885.6015625
106,CENTRE,R,4.046224,10.72858,28,12.338424,89.28571428571429,67.85714285714286,4.964285714285714,158.71311475409837,0,45.55270767211914,0.27190762758255005,8810.8095703125
107,YAOUNDE,U,3.866784,11.573443,28,11.552464,100,100,4.392857142857143,0,11.048372465988685,35.7159423828125,0.1604199260473251,71389.625
108,OUEST,R,5.623979,10.863373,28,31.788204000000004,46.42857142857142,0,6.535714285714286,23.217391304347824,0.00368447484685799,40.27055740356445,0.17898426737104142,34410.9375
109,LITTORAL,U,4.950831,9.950313,28,10.653888,99.99999999999999,99.99999999999999,5.25,2,1.2760321633857594,55.764705657958984,0.04471787437796593,132684.15625
110,DOUALA,U,4.027739,9.700957,27,27.084969,100,96.29629629629628,3.4814814814814814,0,20.59566446940104,58.0782585144043,0.10201852023601532,147775.25
112,SUD,R,2.89871,11.087841,28,14.588587999999998,46.42857142857143,100,7.2857142857142865,53.53405994550409,0.10578760786335296,41.514286041259766,0.31536489725112915,136702.390625
113,CENTRE,R,3.541589,11.97156,28,24.968580000000003,21.428571428571427,50,6.678571428571428,116.46594005449592,0,35.7159423828125,0.40206967081342426,10526.927734375
114,OUEST,R,5.493714,10.282935,26,22.400014000000002,84.61538461538461,84.61538461538461,3.8076923076923075,11.803234501347708,0.02006757863878478,47.402366638183594,0.08407250472477504,164228.53125
115,EXTREME-NORD,R,10.368687,14.312438,28,24.78952,82.14285714285714,0,4.678571428571429,48.31891891891892,8.8910830212149e-4,12.078824996948242,0.1985066682100296,42442.75
116,NORD-OUEST,U,6.187259,10.857805,26,19.140082,96.15384615384615,73.07692307692307,3.7692307692307687,32.4,0.05368074199609589,42.581581115722656,0.08847431093454361,2453.1494140625
117,EST,U,4.568186,13.67567,28,17.811696,96.42857142857143,100,4.714285714285714,0,2.937084329539332,36.56145095825195,0.23917677998542783,40926.3828125
118,NORD,R,9.223458,13.78377,28,40.084072,32.14285714285714,35.71428571428571,7.071428571428571,76.152,0.00358395148791781,15.152363777160645,0.26160578727722167,9498.9140625
119,EST,R,2.028929,15.13599,28,15.563996000000001,14.285714285714285,3.571428571428571,7.071428571428572,836.3586956521739,0.00373469681843467,39.174556732177734,0.3924298286437988,1809.463623046875
120,LITTORAL,U,5.087755,9.856234,28,12.655776,28.57142857142857,85.71428571428572,6.678571428571429,26.214285714285715,0.01743577718734741,51.96783447265625,0.08331002295017242,251.8959045410156
121,DOUALA,U,4.095782,9.667228,27,49.213683,100,100,3.6296296296296293,0.13333333333333333,4.834169086657073,58.0782585144043,0.15802977979183197,103505.484375
122,NORD,U,9.920982,13.944999,27,23.944923,96.2962962962963,88.8888888888889,4.518518518518518,1.0625,1.410552978515625,13.223880767822266,0.1548432558774948,65848.3125
123,ADAMAOUA,R,7.507565,13.855296,28,32.928756,50,0,4.75,54.2972972972973,0,36.7579460144043,0.2796684801578522,1000.1116943359376
125,DOUALA,U,4.078127,9.679091,27,33.351669,100,92.59259259259258,3.6296296296296293,0,9.676283855827489,58.0782585144043,NA,110105.9453125
126,DOUALA,U,3.973698,9.762969,25,37.545725000000004,100,100,4.8,5.214285714285714,1.7782181331089564,57.6485710144043,0.09935300797224043,3115.11328125
127,YAOUNDE,U,3.894334,11.498884,28,13.932687999999999,100,100,4.357142857142858,0.14285714285714285,18.97996012369792,40.57988357543945,0.1648089736700058,39667.73828125
128,NORD,R,9.936658,14.023692,27,38.353527,0,44.44444444444445,6.481481481481481,29.208,0.06560490755426804,13.20639991760254,0.1868115266164144,117836.4375
129,NORD-OUEST,U,6.585718,10.722468,26,18.756712,100,0,5.115384615384616,10.928571428571429,0.02463074981189164,34.9431266784668,0.13879874348640442,1035.54052734375
130,EXTREME-NORD,R,11.090558,14.068868,28,75.740784,67.85714285714286,0,4.249999999999999,20.24598930481283,0.03066952596574821,9.973837852478027,0.24894467989603675,61694.7265625
132,SUD,U,2.393872,11.27011,28,8.238468000000001,92.85714285714286,100,5.2142857142857135,48.46666666666667,0.1472917653746524,39.36774063110352,0.24102728068828583,897.89349365234375
133,YAOUNDE,U,3.822567,11.471389,23,40.835948,100,100,4,0.06666666666666667,9.968644766971982,40.57988357543945,0.18554958701133728,141848.46875
134,NORD,R,9.820205,13.876901,27,39.259053,14.814814814814817,25.925925925925927,6.333333333333333,24.096,0.00206206274288956,13.223880767822266,0.17287479128156388,27984.205078125
135,EXTREME-NORD,R,10.793888,13.865085,28,12.67,3.5714285714285716,0,6.071428571428571,24.648793565683647,0.05184742590471213,11.610509872436523,0.24968864236559188,120870.734375
136,EXTREME-NORD,U,11.169955,14.028217,28,27.8572,92.85714285714285,3.571428571428571,7.071428571428572,37.266666666666666,0.00263760886231406,9.973837852478027,0.21323685348033905,3068.822265625
137,EXTREME-NORD,R,10.247075,14.828123,28,43.793932,64.28571428571429,0,5.178571428571428,48.47184986595174,0,12.617053985595703,0.22433942159016929,30284.0234375
138,SUD-OUEST,U,4.158475,9.256931,26,9.656789999999999,100,100,3.730769230769231,9.5,1.1480184094659214,62.77460479736328,0.1866388767957687,37613.265625
140,CENTRE,R,4.327967,12.475313,28,24.706836000000003,0,0,7.1428571428571415,166.98123324396784,0,35.19373321533203,0.3911248207092285,5657.63427734375
141,EXTREME-NORD,R,11.156257,14.078265,28,20.920228,78.57142857142857,0,7.392857142857142,24.72459893048128,0.0019513797188567,9.973837852478027,0.26044985226222445,82991.75
143,NORD,U,9.020506,13.518951,28,21.741384,85.71428571428571,53.57142857142856,7.107142857142858,23.571428571428573,0.3821525573730469,15.152363777160645,0.29367274045944214,216.00689697265625
144,NORD-OUEST,U,6.589667,10.539598,28,22.570324,89.28571428571429,0,4.071428571428571,30.333333333333332,0,34.9431266784668,0.21559756994247437,4016.0595703125
145,LITTORAL,R,4.958219,9.961853,28,7.721084000000001,92.85714285714285,96.42857142857142,4.035714285714286,81.74728260869566,0.14929163035984608,55.764705657958984,0.09526715108326504,190700.578125
146,DOUALA,U,4.049476,9.734015,28,20.006616,100,100,4.071428571428571,0,14.924096469221444,58.0782585144043,0.07472863793373108,312559.03125
147,NORD-OUEST,R,6.000152,10.471114,25,23.508599999999998,60.00000000000001,56.00000000000001,5.040000000000001,19.870619946091644,0.01352054360918524,42.5,0.07995953730174474,105306.3359375
149,YAOUNDE,U,3.872237,11.543091,28,15.560272,96.42857142857143,100,3.928571428571429,0,18.527275710809427,35.7159423828125,0.1604199260473251,236273.015625
150,EST,R,4.671398,14.590552,28,18.872392,96.42857142857143,0,4.9642857142857135,201.24932975871317,0,40.522666931152344,0.33168881280081614,11995.958984375
151,OUEST,U,5.121192,10.53356,28,37.892148,100,100,4.75,54.8125,0.2526220453196558,40.63114929199219,0.11122193932533264,995.03570556640625
152,CENTRE,U,4.661591,12.390692,28,23.341528,96.42857142857143,96.42857142857143,6.999999999999999,91.13333333333334,0.07505719136383573,33.59568786621094,0.3316262662410736,167.2748565673828
153,DOUALA,U,4.044455,9.715061,22,20.779616,100,95.45454545454544,4.136363636363637,0,17.263763427734375,58.0782585144043,0.07472863793373108,222969.171875
155,CENTRE,U,4.09988,11.878807,26,16.066414,92.30769230769229,23.076923076923073,4.153846153846154,54.57142857142857,0,34.740333557128906,0.358975887298584,361.2096252441406
156,DOUALA,U,4.077046,9.657809,26,51.502412,100.00000000000001,100.00000000000001,4.038461538461538,0.07142857142857142,7.126365924703664,58.0782585144043,0.10368698835372923,237217.5
157,NORD,R,9.908817,14.167312,28,28.316652,53.57142857142856,0,6.249999999999999,83.96195652173913,0,13.20639991760254,0.1611184733254569,21110.375
158,ADAMAOUA,U,7.296652,13.601149,27,30.187971,74.07407407407408,77.77777777777779,5.296296296296297,0.9285714285714286,0.887304897966056,36.7579460144043,0.13923582434654236,29867.353515625
159,EST,U,5.898702,14.555931,28,32.047568,82.14285714285714,78.57142857142857,4.964285714285714,74.42857142857143,0.5612506866455078,39.21394348144531,0.2262274473905563,447.5798645019531
160,OUEST,U,5.490856,10.411603,28,14.541744000000001,100,100,3.642857142857143,0,1.5723398844401042,47.402366638183594,0.03492193669080734,101627.421875
161,SUD,U,2.928655,9.901703,28,15.743196000000001,100,100,3.4999999999999996,0.3333333333333333,1.1730359051678632,NA,NA,24650.4296875
162,CENTRE,U,4.364153,11.266164,28,28.408883999999997,71.42857142857143,78.57142857142857,4.464285714285714,67.78571428571429,0.0726565328137628,38.24444580078125,0.2439844310283661,619.2841796875
163,YAOUNDE,U,3.864014,11.498376,28,7.658391999999999,100,100,1.6428571428571428,0,26.003543976814516,40.57988357543945,0.15413305163383484,267730.3125
164,NORD,R,8.923251,12.913197,28,43.885324000000004,3.5714285714285716,0,6.928571428571429,148.33062330623306,0,19.085657119750977,0.3370852470397949,6956.447265625
165,LITTORAL,U,4.175107,9.64448,28,14.5495,100,96.42857142857143,4.464285714285714,16,0.27649945226208916,58.0782585144043,0.1980145126581192,946.58905029296875
166,NORD,R,8.994368,13.755898,26,96.169008,26.923076923076923,0,8.615384615384615,107.32707774798928,4.2102840086614e-4,18.881132125854492,0.26626917521158855,2248.031982421875
167,DOUALA,U,4.0765,9.745479,28,69.135948,100,100,3.7500000000000004,0,11.137137577451508,58.0782585144043,0.07472863793373108,101052.796875
168,ADAMAOUA,U,7.371614,12.661943,28,12.174568,82.14285714285714,96.42857142857143,5.714285714285714,176.75,0.22223032566539028,35.37437057495117,0.1954590082168579,15595.38671875
169,EXTREME-NORD,U,10.122273,14.441903,28,28.506548000000002,96.42857142857143,85.71428571428571,3.035714285714286,5.857142857142857,0.2215172997836409,12.078824996948242,0.18149106204509735,1041.736083984375
170,ADAMAOUA,R,6.602356,14.241201,27,24.377760000000002,48.14814814814814,37.03703703703703,5.962962962962963,14.48793565683646,0.00674976658176731,37.95486831665039,0.2948465347290039,25185.20703125
171,ADAMAOUA,R,6.211322,14.049473,25,34.0081,12,0,5.24,59.06970509383378,0,38.47343063354492,0.35277141843523296,2453.506591796875
172,DOUALA,U,4.002358,9.752529,28,35.098392000000004,100,92.85714285714285,3.749999999999999,0,6.742767333984375,57.6485710144043,0.08609534800052643,33659.32421875
174,YAOUNDE,U,3.855104,11.500002,26,18.619042,96.15384615384615,100,3.8461538461538463,0,23.72720772879464,35.7159423828125,0.13904230296611786,304515.0625
175,OUEST,R,5.523277,10.372335,28,39.291336,75,28.57142857142857,6.214285714285714,6.051630434782608,0.20033236190889128,42.5,0.07515496760606766,368091.59375
176,NORD,U,9.358203,13.396392,26,34.520174,100,61.53846153846155,6.615384615384616,1.4,0.9814085467108364,15.235610961914063,0.20575223863124847,38723.0703125
177,ADAMAOUA,U,7.047037,14.444242,27,16.137764999999998,70.37037037037038,59.25925925925927,4.592592592592593,105.07142857142856,0,37.05741882324219,0.21052905917167664,4481.33447265625
178,YAOUNDE,U,3.826691,11.487964,26,28.346083999999998,100,100,3.115384615384616,0,14.49781536233836,40.57988357543945,0.18554958701133728,269269.34375
179,YAOUNDE,U,3.933296,11.514344,28,48.500676,100.00000000000001,100.00000000000001,5.357142857142857,1.1333333333333333,9.407762430481991,35.7159423828125,0.1871391385793686,24513.45703125
180,LITTORAL,R,3.811437,9.873705,25,9.033724999999999,96,88.00000000000001,3.5600000000000005,118.69589041095892,0.00897391428171969,57.6485710144043,0.2619466781616211,1148.75830078125
181,EXTREME-NORD,R,10.440494,14.19245,27,46.473399,59.25925925925925,3.7037037037037033,5.148148148148148,28.448,0.01307994544784413,12.078824996948242,0.19114677608013153,9925.2724609375
182,NORD,U,9.311517,13.865479,28,18.872168,25,21.428571428571434,5.178571428571429,85.06666666666666,0.07035420735677084,15.152363777160645,0.222282737493515,218.8509063720703
183,EST,R,4.615053,13.650461,28,22.601124,82.14285714285715,10.714285714285714,5.464285714285714,35.916890080428956,0.2331916467467351,36.56145095825195,0.33468240102132163,130624.421875
184,OUEST,R,5.695101,10.510703,28,26.263664000000002,71.42857142857143,71.42857142857143,7.071428571428571,41.524324324324326,0.00121429293477769,40.27055740356445,0.0914663416998727,71628.3203125
185,OUEST,U,5.487675,10.425636,28,28.606172,100,100,4.571428571428571,0,1.554323741367885,47.402366638183594,0.03950145095586777,94972.3515625
186,SUD,R,3.212389,10.892616,28,13.912948,46.42857142857143,0,6.714285714285714,113.07795698924733,0,44.5058479309082,0.3745098114013672,2930.99658203125
187,ADAMAOUA,U,6.513643,14.292898,28,47.899544,92.85714285714286,92.85714285714286,3.8214285714285716,0.6,0.7889294942220052,37.95486831665039,0.21287795901298523,51483.86328125
188,DOUALA,U,4.038161,9.729337,26,31.722469999999998,96.15384615384615,100,3.730769230769231,0,15.776174444901317,58.0782585144043,0.0799097865819931,312956.8125
189,SUD,U,2.9577,9.93505,26,37.718616,96.15384615384616,100,3.8076923076923075,3.066666666666667,0.27319024403889974,NA,0.2118725478649139,20359.0625
190,EXTREME-NORD,U,10.593659,14.333872,27,46.7478,100,70.37037037037037,4.111111111111112,0.21428571428571427,3.366805013020833,11.393665313720703,0.16578461229801178,100056.375
191,DOUALA,U,4.060291,9.7155,28,24.694768,100,100,4.178571428571429,0,14.99066162109375,58.0782585144043,0.07472863793373108,129299.96875
192,YAOUNDE,U,3.912175,11.515784,27,28.012985999999998,100,100,5.000000000000001,0.13333333333333333,16.494483684671337,35.7159423828125,0.14466910064220428,42983.328125
193,ADAMAOUA,U,7.304363,13.570785,28,15.832180000000001,92.85714285714286,96.42857142857143,4.392857142857143,0.0625,2.2565317789713544,36.7579460144043,0.15240076184272766,26130.2578125
194,SUD,U,2.924169,11.153523,28,25.215652,96.42857142857144,96.42857142857144,5.642857142857143,0.1875,2.0925861227101294,41.514286041259766,0.2283463031053543,110816.703125
195,OUEST,R,5.102806,10.153263,27,16.700148,77.77777777777779,96.29629629629629,4.777777777777778,44.63215258855586,0.05322962221891984,47.402366638183594,0.09033427238464356,140205.3125
196,YAOUNDE,U,3.791208,11.530946,28,46.228280000000005,96.42857142857143,100,4.357142857142857,0,8.522585042317708,35.7159423828125,0.25512459874153137,57553.7421875
197,YAOUNDE,U,3.90454,11.544563,27,28.311444,100,96.2962962962963,4.185185185185185,0,11.987948713631466,35.7159423828125,0.16009853780269623,26408.58203125
199,OUEST,R,5.689031,10.798379,28,48.780648,85.71428571428572,96.42857142857143,7.392857142857144,18.8544474393531,0.03157863073465458,40.27055740356445,0.13874788582324982,45267.6171875
200,EST,R,6.04925,14.404377,26,21.917298,65.38461538461539,0,4.423076923076923,55.49726775956284,0,38.47343063354492,0.3499617576599121,2536.069091796875
201,NORD,U,9.051264,12.886105,28,33.708388,92.85714285714285,3.571428571428571,6.749999999999999,84.1875,0,14.841529846191406,0.3280995488166809,337.9584655761719
202,DOUALA,U,4.06244,9.762829,27,21.066885,99.99999999999999,99.99999999999999,5.740740740740741,0,8.332300018845944,58.0782585144043,0.08096067607402802,238276.65625
203,NORD,R,8.521785,13.577346,18,0.458028,61.111111111111114,11.11111111111111,6.222222222222222,97.16533333333334,0,18.881132125854492,0.3432724177837372,5761.1328125
204,LITTORAL,U,4.721238,9.753882,28,12.221468,100,100,4,48.125,0.06220735165110806,55.764705657958984,0.13672351837158203,20403.64453125
205,NORD-OUEST,R,6.224822,10.481198,28,9.0153,82.14285714285715,75,4.821428571428571,56.22282608695652,1.8291275109529e-4,43.902313232421875,0.05626718356059147,62142.53125
206,EST,U,4.444582,14.345481,28,17.847004,96.42857142857143,75.00000000000001,4.25,122.1875,0.2010565790636786,37.84726333618164,0.217771515250206,1876.2802734375
208,NORD-OUEST,R,5.88523,10.14991,28,45.400208000000006,99.99999999999999,92.85714285714286,4.857142857142857,12.161290322580646,0.2171619518383129,42.5,0.04774174292882283,166012.21875
209,NORD,R,9.592743,13.803418,25,35.878975000000004,8,11.999999999999998,5.88,37.57142857142857,0,13.223880767822266,0.1946852207183838,9091.767578125
210,OUEST,R,5.266663,10.008739,27,40.217256,40.74074074074074,74.07407407407408,4.481481481481482,36.04644808743169,0.0126750840224497,47.402366638183594,0.1016443411509196,106776.6171875
211,CENTRE,U,3.980686,11.580446,28,11.304888,96.42857142857143,92.85714285714286,1.8214285714285714,7.714285714285714,0.931799825032552,35.7159423828125,0.3016165494918823,1424.72265625
212,EXTREME-NORD,R,10.802513,14.457951,28,45.228904,82.14285714285715,0,5.142857142857143,59.73087071240106,7.0421092097728e-4,11.393665313720703,0.2081699882234846,21042.8828125
213,YAOUNDE,U,3.840818,11.492349,27,25.603749,100.00000000000001,100.00000000000001,3.6296296296296293,0,16.359674914129847,40.57988357543945,0.15413305163383484,261117.171875
214,YAOUNDE,U,3.892234,11.493676,28,45.277288,96.42857142857143,100,5.571428571428571,0.25,16.2426025390625,40.57988357543945,0.1648089736700058,42454.44140625
215,EXTREME-NORD,R,11.228243,15.005342,26,12.640524,100.00000000000001,0,5.384615384615384,269.024,0,10.873873710632324,0.1879550665616989,21430.916015625
216,NORD,R,9.389191,13.645008,28,47.995164,53.57142857142857,17.857142857142858,7.357142857142857,34.460916442048514,0,15.152363777160645,0.2217369079589844,7125.6826171875
217,EXTREME-NORD,R,12.008758,14.936906,28,93.505244,100,0,5.428571428571428,48.462765957446805,0.00292721130970074,9.101573944091797,0.20726823806762695,27296.623046875
218,SUD-OUEST,U,4.008819,9.210987,28,17.266227999999998,100,92.85714285714286,3.2857142857142856,0.09090909090909093,2.106070556640625,NA,0.1721256971359253,32585.66796875
219,EXTREME-NORD,R,12.350074,14.567903,28,82.609408,100,0,5.678571428571429,63.00804289544236,0,7.830056190490723,0.19602875411510468,4966.0595703125
221,SUD,R,2.683214,10.159126,28,9.801791999999999,100,89.28571428571429,4.321428571428571,142.3123287671233,0.00522862141098364,46.51420593261719,0.2503777821858724,3317.747802734375
222,NORD-OUEST,U,5.973862,10.186738,24,33.466464,95.83333333333334,100,3.5833333333333335,0.4666666666666667,0.7787430326817399,42.5,0.04034319519996643,28274.283203125
223,CENTRE,U,3.780221,12.253642,28,21.594832,75.00000000000001,89.28571428571429,6.714285714285714,59.6875,0.4461240935743901,35.12753677368164,0.29297876358032227,14622.87890625
224,NORD-OUEST,R,6.36364,10.81674,28,32.279688,89.28571428571428,0,4.321428571428572,24.016042780748663,0.00740892084884386,42.581581115722656,0.09589831829071044,42271.0078125
225,DOUALA,U,4.048607,9.75748,27,76.56908399999999,100,100,4.074074074074074,0,11.176692708333333,58.0782585144043,0.08096067607402802,311145.09375
226,NORD-OUEST,U,5.966482,10.146072,28,34.564152,96.42857142857142,92.85714285714286,3.4285714285714284,0,2.4634367290296053,42.5,0.04430526122450828,64459.30859375
227,OUEST,U,5.729299,10.923544,28,42.191604,64.28571428571429,96.42857142857142,8.428571428571429,0.7142857142857143,0.23264822466620083,40.27055740356445,0.15839526057243347,3028.75
228,EST,R,3.482346,15.37573,28,24.787112,28.571428571428573,0,8.535714285714285,550.6630434782609,0,37.3547477722168,0.3685750961303711,1971.7027587890625
229,CENTRE,U,3.974691,11.59446,28,15.386588000000001,75,100,2.0357142857142856,8.333333333333334,1.5716747415476833,35.7159423828125,0.24171625077724457,4070.733642578125
230,NORD,R,9.528184,14.088293,27,30.976613999999998,7.407407407407407,3.7037037037037037,6.333333333333333,93.46361185983828,0,13.20639991760254,0.1845982245036534,12047.142578125
231,EST,U,4.039842,14.942563,28,16.71124,53.57142857142856,0,6.428571428571429,265,0,35.914833068847656,0.28286439180374146,5164.052734375
232,DOUALA,U,4.049518,9.755922,27,28.939463999999997,100,100,4.518518518518518,0,11.413161214192709,58.0782585144043,0.08096067607402802,319397.21875
233,YAOUNDE,U,3.882801,11.501972,26,19.33516,100,92.3076923076923,4.230769230769231,0,26.30695718021716,35.7159423828125,0.14466910064220428,113081.4140625
234,OUEST,U,5.443401,10.067166,28,31.70328,92.85714285714286,100,2.9642857142857144,0.5,0.8947648673221983,47.402366638183594,0.04152347892522812,137464.40625
235,CENTRE,R,4.182978,11.270601,27,21.908826,37.03703703703704,70.37037037037037,5.925925925925926,80.52588555858311,0.01070858017215883,38.24444580078125,0.38195219039916994,30701.15234375
236,ADAMAOUA,U,7.321591,13.592723,26,6.41511,96.15384615384615,92.3076923076923,4.269230769230769,0.07142857142857142,4.096925406620421,36.7579460144043,0.13923582434654236,43089.6875
237,CENTRE,U,3.495432,11.49984,27,41.407497,96.29629629629629,100.00000000000001,3.518518518518519,2.142857142857143,0.4683923040117536,40.91843032836914,0.3537176549434662,909.500244140625
238,LITTORAL,R,3.868816,10.625104,28,9.589776,67.85714285714286,60.71428571428571,3.107142857142857,155.4108108108108,0.00131197134222395,44.48732376098633,0.3435882500239781,6166.4404296875
239,YAOUNDE,U,3.889382,11.529296,28,32.883004,100,100,5.071428571428572,0,20.62257122171336,35.7159423828125,0.14466910064220428,118796.3046875
240,CENTRE,R,3.231527,11.458611,27,29.108727,62.96296296296297,3.7037037037037037,7.407407407407407,95.08086253369272,8.4133899730184e-4,40.91843032836914,0.36908021569252014,17327.822265625
241,EST,R,4.797348,13.797686,28,29.060752,53.57142857142857,0,5.7857142857142865,67.41621621621621,0,36.56145095825195,0.38297144571940106,2278.3447265625
242,NORD-OUEST,U,5.968257,10.14224,27,22.351788,99.99999999999999,92.5925925925926,3.4814814814814814,0,2.0758277629983835,42.5,0.04430526122450828,45779.921875
243,OUEST,U,5.401531,10.400136,28,22.79298,49.99999999999999,85.71428571428571,5.107142857142857,8,0.00914563598303959,47.402366638183594,0.0807986930012703,443.31451416015625
245,OUEST,R,5.621171,10.31407,28,27.280260000000002,92.85714285714285,85.71428571428571,5.714285714285714,9.010752688172044,0.03419172699387009,42.5,0.07823999226093292,142746.03125
246,DOUALA,U,4.011315,9.74161,28,35.175728,100,96.42857142857143,4.142857142857143,0,8.75567100787985,57.6485710144043,0.0799097865819931,83368.984375
247,LITTORAL,U,3.804359,10.146854,28,15.33728,92.85714285714288,96.42857142857144,4.107142857142858,42.714285714285715,0.4654330220715753,50.90056610107422,0.23722052574157715,75583.59375
248,CENTRE,R,4.544659,11.426389,28,18.719204,42.857142857142854,78.57142857142857,8.428571428571429,89.70698924731182,0.00723059086695961,35.85752868652344,0.3332649639674595,7106.4697265625
249,CENTRE,R,4.648186,11.305489,28,22.986964,57.14285714285714,3.571428571428571,10.75,26.19672131147541,0.01421055920012371,35.85752868652344,0.29269336064656576,10900.9365234375
250,DOUALA,U,4.058066,9.734137,26,29.817242,100,100,4.230769230769231,0,12.26366973341557,58.0782585144043,0.07472863793373108,275876.75
252,EXTREME-NORD,R,10.886332,14.161125,28,39.721444,82.14285714285714,0,6,32.154666666666664,0.00960806269310788,11.393665313720703,0.2163775818688529,32136.390625
253,ADAMAOUA,R,7.327178,12.514955,28,23.579136,57.14285714285714,0,4.25,215.22371967654988,0,35.37437057495117,0.26412762006123863,2089.37890625
254,NORD,U,9.392016,13.512054,28,23.713984,46.42857142857143,32.142857142857146,4.892857142857142,5.615384615384615,0.34669385637555805,15.152363777160645,0.18187980353832245,4206.416015625
255,SUD,U,2.930356,11.973429,28,12.742632,92.85714285714286,100,5.928571428571428,100.21428571428572,1.156653969974841,39.26229476928711,0.2863525450229645,41880.515625
256,NORD-OUEST,U,6.228924,10.661245,26,32.623447999999996,100,100,4.884615384615385,2.357142857142857,0,42.581581115722656,0.05378256365656853,1487.9869384765625
257,SUD,R,2.57845,10.872576,28,8.821819999999999,67.85714285714286,0,8.392857142857144,110.61035422343323,0,44.97222137451172,0.31525090762547087,2249.525390625
258,LITTORAL,U,3.778154,10.130628,28,15.96644,100,96.42857142857143,4.821428571428571,31.428571428571427,1.611447488107989,50.90056610107422,0.2398003935813904,47327.5078125
260,EST,U,4.432267,14.370071,28,16.39148,89.28571428571426,78.57142857142857,6.107142857142857,121.46666666666668,0.4135873438948292,37.84726333618164,0.217771515250206,32347.25
261,LITTORAL,R,4.667212,9.707137,28,14.869932,67.85714285714285,92.85714285714286,5.071428571428571,62.184065934065934,0.04769986763052108,55.764705657958984,0.14999419450759888,294603.84375
262,SUD,U,2.375466,9.82266,27,5.845527,100,100,3.740740740740741,109.75,0,NA,NA,186.6522979736328
263,SUD,U,2.942071,11.989681,28,29.291751999999995,100,100,5.714285714285714,101.5625,1.2265096028645834,39.26229476928711,0.2863525450229645,55526.1171875
264,SUD,R,2.92118,11.35732,28,10.21454,92.85714285714286,100,8.678571428571429,46.414438502673796,0.00632107540329485,41.514286041259766,0.31980346043904623,3675.34228515625
265,LITTORAL,U,4.862767,9.832932,28,18.199635999999998,92.85714285714286,100,4.464285714285714,12.375,0.07130051510674613,55.764705657958984,0.08030274510383606,10732.97265625
266,NORD-OUEST,R,6.910571,10.614926,28,37.702672,17.857142857142858,0,4.964285714285714,151.83333333333334,0,34.9431266784668,0.42543227331978933,26538.974609375
267,EXTREME-NORD,R,10.1799,14.929782,27,39.190473000000004,51.85185185185185,0,4.962962962962963,50.315363881401616,0.00645997263965236,12.617053985595703,0.2340670903523763,50374.6640625
268,OUEST,U,5.152931,10.178126,28,28.813176,100,100,4.25,23.533333333333335,0.7923500696818034,47.402366638183594,0.05232525244355202,77783.125
269,ADAMAOUA,R,6.989541,11.685156,28,11.379676,0,0,4.892857142857142,270.92225201072387,0,37.324806213378906,0.291270383199056,6393.369140625
270,DOUALA,U,4.066957,9.726097,28,21.930747999999998,100,100,4.464285714285714,0,10.798030308314733,58.0782585144043,0.07472863793373108,162725.09375
271,EXTREME-NORD,R,10.448001,13.606848,25,55.154199999999996,40.00000000000001,0,5.239999999999999,87.424,0,12.522293090820313,0.17094224294026691,56935.17578125
272,YAOUNDE,U,3.836988,11.495455,27,12.92544,96.2962962962963,96.2962962962963,4.555555555555555,0,17.468526905980603,40.57988357543945,0.15413305163383484,305521.125
273,OUEST,U,5.499329,10.398431,28,25.9791,100,100,6.107142857142858,0.06666666666666667,1.0156012217203776,47.402366638183594,0.03492193669080734,45723.65625
274,CENTRE,R,3.68908,11.38921,27,23.60421,92.5925925925926,55.55555555555555,4.148148148148148,28.956639566395665,0.01047097485081679,40.57988357543945,0.3681936264038086,30364.63671875
275,LITTORAL,R,4.709465,9.884909,27,20.101634999999998,66.66666666666667,0,4.2592592592592595,91.96730245231608,0,55.764705657958984,0.14988694872174943,4669.6875
276,ADAMAOUA,R,7.796327,12.404241,28,17.828132,64.28571428571429,0,4.464285714285714,228.91803278688525,0,26.9865779876709,0.32505570139203754,1538.593994140625
277,EST,R,4.300911,14.602434,28,15.385103999999998,35.714285714285715,0,4.75,216.38524590163937,0,35.914833068847656,0.33676967620849607,8647.51171875
278,EXTREME-NORD,R,10.329202,13.778282,28,43.324876,57.142857142857146,0,8.999999999999998,44.64784946236559,0,12.522293090820313,0.15425981794084823,41770.734375
279,CENTRE,R,3.480306,11.282884,26,21.701498,69.23076923076924,38.46153846153847,4.230769230769231,44.10752688172043,0.00357353087185191,40.91843032836914,0.4084007441997528,15631.037109375
281,LITTORAL,R,4.320179,9.601975,28,16.828112,85.71428571428571,96.42857142857143,3.392857142857143,38.20810810810811,0.01231960110042406,58.0782585144043,0.23617475827534992,11251.1923828125
282,DOUALA,U,4.031571,9.723274,27,26.983125,96.29629629629629,96.29629629629629,4.333333333333333,0,14.83443263319672,58.0782585144043,0.0799097865819931,236363.546875
283,DOUALA,U,4.072673,9.727625,28,29.96392,100,100,3.7500000000000004,0,9.95134980799788,58.0782585144043,0.07472863793373108,126762.6953125
284,EST,R,4.211697,14.713289,28,11.296768,53.57142857142857,3.571428571428571,4.321428571428571,243.0461956521739,0,35.914833068847656,0.33542229334513346,4043.434814453125
286,ADAMAOUA,U,6.528962,14.299793,28,25.697364,85.71428571428572,74.99999999999999,4.071428571428571,1.1333333333333333,0.4257336344037737,37.95486831665039,0.21287795901298523,43594.52734375
287,EST,R,4.038017,12.933707,28,10.391696,78.57142857142858,7.142857142857143,4.607142857142858,123.71657754010695,0,35.692527770996094,0.31504815419514975,4471.0732421875
288,NORD-OUEST,R,6.457525,10.618784,25,43.863475,68,0,4.04,55.39945652173913,0,42.581581115722656,0.13270978416715348,29078.505859375
289,EXTREME-NORD,U,10.977955,14.238402,27,39.281409,88.88888888888889,59.25925925925926,6.444444444444445,14.066666666666666,0.10589276590654928,11.393665313720703,0.18321184813976288,6262.39697265625
291,SUD,R,2.788604,10.115193,28,7.624428,100,85.71428571428572,4.892857142857143,80.38172043010752,0.00749441463014353,46.51420593261719,0.25985213688441683,3145.11279296875
292,DOUALA,U,4.010717,9.732336,28,32.387264,100,96.42857142857143,3.5714285714285707,0,8.684280654131356,57.6485710144043,0.0799097865819931,98541.7734375
293,YAOUNDE,U,3.849152,11.530496,26,18.306106,92.3076923076923,92.3076923076923,3.230769230769231,0,20.32320556640625,35.7159423828125,0.13904230296611786,306485.25
295,CENTRE,R,3.962755,11.301899,28,30.83654,7.142857142857143,3.5714285714285716,7.75,59.994594594594595,0.00273852555086296,40.57988357543945,0.34051033428737093,27248.14453125
296,OUEST,U,5.617627,10.259038,28,34.398896,92.85714285714285,96.42857142857143,4.999999999999999,0.25,0.6986383806195176,42.5,0.04865598306059837,16128.58203125
297,LITTORAL,R,4.19443,9.873166,27,11.489769,88.8888888888889,81.48148148148148,3.851851851851852,92.81182795698923,0.00531152946043434,58.0782585144043,0.19344472885131836,42710.5390625
298,EST,R,4.253892,13.809414,28,22.319248,53.57142857142857,0,6.428571428571429,97.74393530997304,0,37.5639533996582,0.3636859059333801,6388.1328125
299,YAOUNDE,U,3.882071,11.548529,27,23.112054,96.29629629629629,99.99999999999999,5,0,15.637194233555949,35.7159423828125,0.16009853780269623,128989.15625
300,DOUALA,U,4.01623,9.759529,28,110.905592,100,100,5.214285714285714,0,8.257329305013021,58.0782585144043,0.08609534800052643,85412.84375
301,CENTRE,U,4.359664,11.435175,28,7.78512,100,85.71428571428571,5.321428571428571,73.06666666666666,0.2915101369222005,38.24444580078125,0.3301713466644287,1897.79638671875
302,NORD,R,8.607985,12.990836,28,30.15642,50,0,5.035714285714286,173.60270270270271,0,19.085657119750977,0.3946968078613281,3641.080810546875
303,OUEST,R,5.346212,10.432495,28,10.795204,89.28571428571429,96.42857142857143,4.428571428571429,20.06417112299465,0.04202928214237608,47.402366638183594,0.08659664789835612,68773.484375
304,YAOUNDE,U,3.855197,11.546012,28,30.921156000000003,96.42857142857143,96.42857142857143,3.714285714285714,0,15.89643314906529,35.7159423828125,0.1604199260473251,278707.3125
305,LITTORAL,R,5.008645,9.9501830000000009,28,12.616912,92.85714285714286,85.71428571428571,5.607142857142858,34.240437158469945,0.15429969534489782,55.764705657958984,0.0921483039855957,192172.625
306,LITTORAL,U,4.582974,9.667337,28,28.339752000000004,96.42857142857142,100,3.9999999999999996,33.75,0.3122439043862479,55.764705657958984,0.14598646759986875,191.95660400390625
307,EST,R,3.174113,13.590278,28,16.903376,74.99999999999999,21.428571428571427,8.285714285714285,357.92622950819674,0.00699623144290102,37.71084213256836,0.37397193908691406,1822.5159912109375
308,SUD-OUEST,U,4.632113,9.442339,28,13.848828000000001,100,96.42857142857143,3.964285714285714,0,2.8781932248907576,59.2621955871582,0.08812224864959717,142479.625
309,OUEST,U,5.444585,10.053363,28,55.822844,92.85714285714285,100,5.928571428571429,0.2,1.0212432225545247,47.402366638183594,0.04152347892522812,99788.8359375
311,YAOUNDE,U,3.881976,11.520834,28,18.179392,100,100,4.892857142857143,0,27.52759209994612,35.7159423828125,0.14466910064220428,190895.453125
312,ADAMAOUA,U,6.747287,11.80902,28,12.82134,89.28571428571429,89.28571428571429,4.607142857142857,146.4,0.3940751350532144,37.324806213378906,0.2535988688468933,673.72607421875
313,SUD,R,3.280404,11.815514,28,11.894232,96.42857142857143,92.85714285714286,6.321428571428572,97.13709677419357,0.01200337772784025,37.652305603027344,0.41283639272054035,4242.466796875
314,DOUALA,U,4.015192,9.742723,28,33.656644,100,100,3.928571428571429,0,9.96373087565104,58.0782585144043,0.0799097865819931,107974.1640625
315,NORD,R,9.360303,13.809349,28,33.67809200000001,3.5714285714285707,0,7.428571428571428,70.3529411764706,0.00303541038917423,15.152363777160645,0.2213625609874725,6936.99853515625
316,NORD,R,8.938917,13.391077,27,21.011751,37.03703703703704,48.14814814814815,8.037037037037036,75.85106382978724,0.0021231761714756,19.15116310119629,0.32451102137565613,7706.0341796875
317,NORD,R,8.218562,14.947589,28,42.022344000000004,14.285714285714285,3.571428571428571,5.607142857142857,144.6829268292683,0,24.348657608032227,0.3463129043579102,1928.010498046875
318,NORD,R,9.017741,12.885085,28,58.487632,7.142857142857143,0,7.285714285714286,103.75338753387534,0.00345562094001359,14.841529846191406,0.33324400583902997,9547.5771484375
319,DOUALA,U,4.053673,9.72284,26,20.10229,100,96.15384615384616,4.153846153846153,0,14.975995597192796,58.0782585144043,0.07472863793373108,236365.03125
320,DOUALA,U,4.037239,9.726621,27,20.024415,100,100,3.4814814814814814,0,15.72967634529903,58.0782585144043,0.0799097865819931,266727.1875
321,LITTORAL,R,4.502325,10.803491,28,7.160272,85.71428571428571,60.714285714285715,5.178571428571429,225.32152588555857,0,45.55270767211914,0.24194025993347168,1214.135498046875
322,YAOUNDE,U,3.895547,11.512097,25,6.059725,100.00000000000001,100.00000000000001,3.32,0.0625,24.10900450589364,35.7159423828125,0.14466910064220428,54308.7421875
323,EXTREME-NORD,R,10.379939,13.59606,28,56.753367999999995,42.857142857142854,0,7.678571428571429,58.21798365122616,0.00205045428505555,12.522293090820313,0.1764932700565883,55875.21484375
324,EST,U,3.510021,15.064297,28,20.378764,78.57142857142857,89.28571428571429,4.785714285714286,427.2142857142857,0.2822509515480917,37.3547477722168,0.24397872388362885,16649.00390625
325,LITTORAL,R,4.79879,10.299678,28,9.482284,82.14285714285714,3.571428571428571,3.892857142857143,200.26756756756757,0.00117005079924132,50.00284194946289,0.18604952494303387,3993.9765625
326,YAOUNDE,U,3.877896,11.47799,28,17.24618,100,100,4.607142857142857,0,11.773526551293545,40.57988357543945,0.1648089736700058,55878.96484375
327,EST,R,5.582779,13.921151,20,32.1308,70,0,4.6,141.3306010928962,0,40.53333282470703,0.3864360536847796,589.0455322265625
328,LITTORAL,R,4.228225,10.569591,24,5.885448,66.66666666666667,62.5,3.3749999999999996,219.7669376693767,0,45.55270767211914,0.2227735678354899,1142.246826171875
329,EST,R,4.26125,12.899311,27,14.217497999999999,7.407407407407407,0,6.296296296296297,113.58870967741936,0,35.692527770996094,0.33405478795369464,3954.669189453125
330,SUD-OUEST,U,4.078074,9.361018,28,18.367916,100,96.42857142857143,3.928571428571429,0.35714285714285715,0.884872805687689,62.77460479736328,0.168956458568573,3184.245361328125
331,LITTORAL,U,4.494996,9.566561,28,8.848700000000001,100,100,4.821428571428571,23.428571428571427,0.5447131189806708,58.0782585144043,0.1687404364347458,40222.91015625
332,NORD,U,8.398613,14.161868,27,26.524098,92.5925925925926,81.48148148148148,5.7407407407407405,7.866666666666666,0.09508283138275146,23.79051399230957,0.3046783208847046,132.4520263671875
333,EXTREME-NORD,U,10.340473,15.231033,27,22.220676,96.2962962962963,92.59259259259258,5.074074074074074,0.07142857142857142,1.0140593744093371,13.736089706420898,0.17608842253684998,57558.17578125
334,OUEST,R,5.3922,10.359175,28,15.673588,75,89.28571428571428,4.75,13.065573770491802,0.08003695622923895,47.402366638183594,0.07751140594482422,204243.9375
335,ADAMAOUA,U,7.318232,13.58117,28,17.72204,100,92.85714285714286,5.392857142857142,0,4.20696271052126,36.7579460144043,0.15240076184272766,41271.8125
336,EST,R,4.919116,13.50838,28,23.118788000000002,35.714285714285715,0,6.2142857142857135,142.82432432432432,0,36.56145095825195,0.43866920471191406,1541.646728515625
337,EXTREME-NORD,R,10.544287,14.653674,27,42.387138,77.77777777777777,0,5.518518518518518,84.16935483870968,0.00179825548975963,11.652567863464355,0.21358999184199745,21814.619140625
338,SUD,R,2.694187,13.331167,28,12.928524,46.42857142857142,0,9.642857142857144,432.0326086956522,0,37.640865325927734,0.4138856274741037,1823.96728515625
339,OUEST,R,5.680722,10.391763,28,10.147872000000001,3.571428571428571,3.571428571428571,6.107142857142857,23.050938337801608,0.00166430734652466,42.5,0.0893707126379013,125055.203125
341,CENTRE,R,4.387989,11.827722,28,34.888728,75,64.28571428571429,6.285714285714286,130.81842818428186,0.00565925814800765,34.740333557128906,0.4178627218518938,12114.048828125
342,ADAMAOUA,R,7.454839,13.593494,28,16.964191999999997,92.85714285714288,78.57142857142858,6.357142857142858,25.194666666666667,0.04813851706914272,36.7579460144043,0.2144010066986084,11563.9189453125
343,DOUALA,U,4.047001,9.733535,27,19.330434,96.29629629629629,100,3.629629629629629,0,15.176417300575658,58.0782585144043,0.07472863793373108,312426.53125
344,ADAMAOUA,R,7.715861,13.845905,28,27.584928,60.71428571428571,0,6.749999999999999,110.6267029972752,0,30.227991104125977,0.366645131792341,2075.987060546875
345,DOUALA,U,4.039985,9.720956,27,18.479582999999998,100,96.2962962962963,4.111111111111112,0,15.689010620117188,58.0782585144043,0.0799097865819931,282639.15625
346,NORD-OUEST,R,6.516144,10.792056,27,33.044813999999995,92.59259259259261,44.44444444444445,4.555555555555556,28.286103542234333,0.00220177896290573,34.9431266784668,0.1339767138163249,32370.49609375
347,LITTORAL,U,4.950721,9.937456,28,13.008968000000001,100,100,4.178571428571428,0.15384615384615383,2.5206140790666853,55.764705657958984,0.04471787437796593,152662
349,SUD,R,3.066681,10.761209,27,10.897011,22.222222222222225,0,5.7407407407407405,119.0136612021858,0,44.5058479309082,0.34881483713785805,2835.808349609375
350,OUEST,R,5.429109,10.139416,27,27.177201000000004,77.77777777777777,88.8888888888889,3.6296296296296298,14.134048257372656,0.04808329567363638,47.402366638183594,0.07376689910888672,208433.46875
351,NORD,R,10.008451,13.497935,28,36.881292,71.42857142857142,57.14285714285714,5.75,52.76819407008086,0.00301537115039634,13.62778663635254,0.16418840203966414,28166.8671875
352,NORD,U,9.296988,13.392829,27,18.722367,100,81.48148148148148,4.222222222222222,0.6,8.320680236816406,15.235610961914063,0.17260584235191345,19567.2734375
353,EST,U,3.962432,13.185143,28,12.737284,99.99999999999999,85.71428571428571,4.535714285714286,63.285714285714285,0.07539694188004833,36.98813247680664,0.2108125239610672,11064.052734375
354,CENTRE,R,4.335292,11.470295,28,25.402188000000002,39.28571428571428,85.71428571428572,6.75,102.3125,0.01285044481700889,38.24444580078125,0.423001766204834,28926.9140625
355,OUEST,R,5.722741,10.16129,28,20.730164,35.714285714285715,89.28571428571429,6,15.842818428184282,0.01024838490949062,42.5,0.04560183103267963,113812.03125
356,EXTREME-NORD,U,10.739425,13.787166,28,89.72443200000001,78.57142857142857,60.71428571428571,5.642857142857142,1.6875,0.8582301961964575,11.610509872436523,0.2764463424682617,3318.421875
357,YAOUNDE,U,3.890464,11.486374,25,10.2549,96.00000000000001,100.00000000000001,4.960000000000001,0.13333333333333333,11.91360023373463,40.57988357543945,0.1648089736700058,37345.10546875
358,ADAMAOUA,R,6.299177,11.60123,26,15.332746000000002,7.692307692307692,0,6.5,62.62330623306233,0,39.24359130859375,0.39170831044514975,7886.24658203125
359,SUD,R,2.197004,11.209018,28,12.546576,78.57142857142857,3.571428571428571,8.142857142857142,162.44324324324324,0.03310751850013837,39.36774063110352,0.33629941940307617,12784.484375
360,NORD,U,9.947233,13.943775,28,17.231088,96.42857142857144,82.14285714285715,6.357142857142858,1.8571428571428572,0.8050414403279622,13.223880767822266,0.1548432558774948,44625.1015625
362,SUD-OUEST,U,4.14225,9.239507,26,24.582948,92.30769230769232,92.30769230769232,4.653846153846153,12.125,2.042708079020182,62.77460479736328,0.14522412419319153,61064.96875
363,DOUALA,U,4.102904,9.736103,28,74.56607199999999,100,100,4.5357142857142865,10.384615384615383,6.071758015950521,58.0782585144043,0.1217355951666832,27439.39453125
364,OUEST,R,5.558725,10.161076,28,16.449832,89.28571428571428,92.85714285714285,5.285714285714286,12.894021739130435,0.02120114597942153,42.5,0.05614405473073324,135145.6875
365,NORD-OUEST,R,6.563271,10.706792,28,14.966111999999999,82.14285714285715,25,6.0357142857142865,28.58288770053476,0.00571082976120376,34.9431266784668,0.13546185195446014,86126.0546875
366,NORD-OUEST,R,6.062309,10.239334,16,8.365616,93.75,68.75,4.25,29.954301075268816,0.02948292936412945,43.902313232421875,0.07215477526187897,90832.3984375
367,OUEST,U,5.660109,10.621836,28,28.537628,96.42857142857142,96.42857142857142,6.321428571428572,25.866666666666667,0.10600414276123046,40.27055740356445,0.0991254225373268,945.12939453125
368,EXTREME-NORD,U,10.605103,14.350939,27,5.858541000000001,92.59259259259258,81.48148148148148,4.148148148148148,0.2,2.359110945362156,11.393665313720703,0.16578461229801178,182042.109375
369,SUD,R,2.550868,11.005017,28,11.94536,60.71428571428571,0,9.142857142857142,88.90735694822888,0,41.514286041259766,0.3195461205073765,1675.8426513671875
370,YAOUNDE,U,3.794009,11.493558,24,123.012384,100,100,4.750000000000001,0,6.934303658907531,40.57988357543945,0.18554958701133728,66951.609375
371,ADAMAOUA,R,7.4131,13.548874,28,19.899572,92.85714285714286,100,1.607142857142857,20.842245989304818,0.2108507625813912,36.7579460144043,0.2075749124799456,136037.1875
372,NORD,R,9.201263,13.580454,27,22.998276,25.925925925925924,0,6.518518518518519,50.75268817204301,0,15.152363777160645,0.2336350849696568,24019.546875
373,SUD-OUEST,U,4.149554,9.2976,28,44.021152,100,100,1.6428571428571428,3.466666666666667,1.52454465230306,62.77460479736328,0.1905837059020996,3146.78125
374,CENTRE,R,3.999876,11.484569,27,25.955397,66.66666666666667,96.29629629629628,6.407407407407407,17.997260273972604,1.003856958735603,40.57988357543945,0.33509056908743723,80082.2578125
375,SUD,U,2.950355,9.921687,29,26.721788999999998,100,96.55172413793105,4.137931034482759,2.0714285714285716,1.047143485329368,NA,0.2118725478649139,42365.56640625
376,YAOUNDE,U,3.834716,11.479136,25,66.38605,96,100,5.04,0,13.87328785863416,40.57988357543945,0.15413305163383484,239829.390625
377,NORD,R,8.312573,14.103468,28,25.33552,53.57142857142858,3.571428571428571,5.285714285714286,68.41144414168937,0,23.79051399230957,0.4061774473923903,2733.21728515625
378,SUD,U,3.445709,12.45047,28,12.804511999999999,60.714285714285715,92.85714285714286,6.357142857142857,144.2,0.08062451226370675,36.262996673583984,0.35240527987480164,288.542724609375
379,DOUALA,U,4.038563,9.700058,26,13.262002,92.3076923076923,100,5.192307692307692,0,24.35774287471065,58.0782585144043,0.10201852023601532,173257.3125
380,OUEST,U,5.465911,10.414051,28,28.193199999999997,100,89.28571428571429,5.678571428571429,0.13333333333333333,2.5389517507245465,47.402366638183594,0.03492193669080734,102587.25
381,OUEST,U,5.714939,11.159202,28,52.869712,71.42857142857143,75,7.821428571428572,37.5,0,36.47013092041016,0.3022669851779938,713.1173095703125
382,YAOUNDE,U,3.857582,11.489328,28,21.902103999999998,100.00000000000001,96.42857142857143,3.9642857142857144,0,17.793052798411885,40.57988357543945,0.15413305163383484,263428.25
383,NORD-OUEST,U,6.237142,10.71759,28,26.556264,92.85714285714286,96.42857142857143,4.464285714285714,4,0,42.581581115722656,0.05923222377896309,1300.0777587890625
384,LITTORAL,U,5.053657,9.957574,28,64.536696,96.42857142857143,67.85714285714286,5.357142857142857,9.066666666666666,0.06343364715576172,51.96783447265625,0.1093977987766266,496.2263793945313
385,CENTRE,U,4.885646,10.797894,28,20.862912,92.85714285714285,82.14285714285712,5.999999999999999,107.93333333333334,0.162303768220495,43.33333206176758,0.22413915395736697,1326.73291015625
386,ADAMAOUA,U,6.502415,11.549603,26,13.940549999999998,61.53846153846154,53.84615384615385,8.23076923076923,80.64285714285714,0,39.24359130859375,0.3033871352672577,595.6322021484375
387,CENTRE,U,3.635149,10.784375,27,25.472961,100,100,4.296296296296297,143.85714285714286,0.4470571611748367,44.48732376098633,0.3276791572570801,515.37310791015625
388,EXTREME-NORD,R,10.023208,15.026021,28,22.834504,96.42857142857143,0,5.571428571428571,59.048,0,13.736089706420898,0.24269483983516693,27874.046875
389,YAOUNDE,U,3.831367,11.547134,25,15.4151,100,100,4.92,0,10.005838012695312,35.7159423828125,0.2175653725862503,126561.8046875
390,EXTREME-NORD,U,10.588633,14.309557,27,29.276991,100,88.88888888888889,4.444444444444445,0.8,3.9959538777669272,11.393665313720703,0.13617002964019775,23526.1640625
391,EST,U,4.587754,13.702017,28,36.537592,89.28571428571429,100,4.321428571428571,2.7857142857142856,1.2946309407552083,36.56145095825195,0.2634478807449341,33788.69921875
392,CENTRE,R,3.646497,11.569624,28,25.162816,85.71428571428572,96.42857142857143,6.250000000000001,28.264305177111716,0.08326349277793352,35.7159423828125,0.35674362182617186,66748.7578125
393,NORD,R,7.235709,15.11689,28,23.926644,57.142857142857146,3.5714285714285716,5.214285714285714,158.43699731903484,0.17771097270626263,32.765689849853516,0.33579836572919575,3144.824951171875
394,DOUALA,U,4.034107,9.695194,28,16.26814,100,100,4.785714285714286,0,24.78080692997685,58.0782585144043,0.10201852023601532,118678
395,SUD,R,2.215912,11.322458,28,9.213232,100,75,5.000000000000001,141.18904109589042,0.568883280851403,39.36774063110352,0.27546160561697824,16667.28125
396,CENTRE,R,4.333516,11.261496,28,21.660772,32.14285714285714,78.57142857142857,5.821428571428571,83.68937329700273,0.00499809232808775,38.24444580078125,0.2928546496800014,32079.3359375
397,ADAMAOUA,U,6.468371,12.613832,27,21.642201,74.07407407407408,92.5925925925926,3.518518518518519,48.53333333333333,0.2789098103841146,39.17091751098633,0.24437275528907776,31774.90234375
398,NORD,U,9.304593,13.363756,27,20.694852,100,92.5925925925926,5.222222222222222,0,3.172246472588901,15.235610961914063,0.2118137627840042,47506.7421875
399,EST,U,4.240796,13.433706,28,16.576672,57.142857142857146,50,6.2857142857142865,32,0.04487366922970476,36.289398193359375,0.27975890040397644,452.1647033691406
400,DOUALA,U,4.072044,9.764255,24,22.296,100,100,4.208333333333334,0,8.714154052734376,58.0782585144043,0.08096067607402802,131835.75
401,NORD-OUEST,U,5.947163,10.13923,28,32.923632,92.85714285714286,100,4.25,0,1.960216776529948,42.5,0.03336325287818909,32588.794921875
402,LITTORAL,R,4.12771,10.412338,28,13.118867999999999,92.85714285714286,64.28571428571429,3.357142857142857,239.172131147541,0.01220811876200013,52.88695526123047,0.26193548838297526,807.95953369140625
403,EST,R,3.555456,13.116248,28,14.07574,42.857142857142854,0,5.7142857142857135,222.3763440860215,0,36.98813247680664,0.3863992009844099,2050.28857421875
404,NORD-OUEST,U,6.023916,10.223314,26,25.25263,100,96.15384615384616,3.8846153846153846,3.857142857142857,0.0849676670566682,43.902313232421875,0.08872736990451813,2923.58544921875
405,ADAMAOUA,R,7.232484,14.168674,18,5.455836,22.22222222222222,11.11111111111111,6.333333333333333,90.10054347826087,5.3811913829738e-4,37.05741882324219,0.24068765342235565,3352.15625
406,EXTREME-NORD,R,10.405851,15.109807,28,45.916444,46.42857142857142,0,5.607142857142858,40.592,0,13.736089706420898,0.1896853764851888,63292.5625
407,SUD-OUEST,U,4.629602,9.453911,23,32.705908,100,100,3.434782608695652,0,2.4229661372669957,59.2621955871582,0.08812224864959717,170202.09375
408,EST,U,4.576768,13.663668,28,20.447111999999997,100,96.42857142857143,4.714285714285714,1.1333333333333333,2.159216708824282,36.56145095825195,0.2744101285934448,44710.96875
409,ADAMAOUA,R,6.990895,14.979454,23,6.066732999999999,78.2608695652174,13.043478260869566,4.434782608695652,190.4850136239782,0,36.46136474609375,0.27585506439208984,8496.6513671875
410,EXTREME-NORD,U,10.123383,14.953878,27,37.865069999999996,100,29.62962962962963,5.777777777777779,47.375,0.06545105775197348,12.617053985595703,0.2672502398490906,2362.39013671875
411,NORD-OUEST,U,6.010836,10.456834,21,37.246923,95.23809523809523,61.9047619047619,4.619047619047619,3.2142857142857144,0.01444769203662872,42.5,0.0733678936958313,2834.59375
412,YAOUNDE,U,3.851681,11.49095,25,9.866,100,100,3.0400000000000005,0,17.35474790375808,40.57988357543945,0.15413305163383484,266776.8125
413,DOUALA,U,4.035003,9.714876,27,36.826677,100,96.2962962962963,3.592592592592593,0,16.446927430199796,58.0782585144043,0.0799097865819931,252827.375
414,YAOUNDE,U,3.863885,11.495874,28,14.298256,100,100,3.857142857142857,0,23.214081862877155,40.57988357543945,0.15413305163383484,274235.3125
416,SUD,U,2.889416,11.142735,28,25.053055999999998,96.42857142857144,96.42857142857144,4.321428571428572,4.714285714285714,0.2508086681365967,41.514286041259766,0.2392454445362091,523.63671875
418,EST,U,4.561176,13.664823,28,20.418496,92.85714285714285,100,5.571428571428571,1.8,1.6496774037679036,36.56145095825195,0.2744101285934448,29873.337890625
419,ADAMAOUA,R,6.614584,12.944426,28,10.961300000000001,50,0,4.928571428571428,40.42432432432432,0,38.1475830078125,0.3002525738307408,1382.432861328125
420,LITTORAL,U,4.764376,9.753129,28,20.849024,75.00000000000001,92.85714285714286,4.785714285714286,26.466666666666665,0.04717077016830444,55.764705657958984,0.13496002554893494,252.34278869628903
421,NORD,U,9.305956,13.378791,27,27.165348,96.2962962962963,85.18518518518518,5.592592592592593,0,7.212564928778287,15.235610961914063,0.17260584235191345,52730.2734375
422,OUEST,U,5.458441,10.405011,26,40.009606000000005,100,100,5.038461538461537,0.5625,1.5971310264185856,47.402366638183594,0.03492193669080734,50678.92578125
423,EXTREME-NORD,R,10.703894,15.116651,28,46.704588,53.57142857142857,0,5.535714285714286,153.59625668449198,0,12.365591049194336,0.1469294003077916,20625.82421875
424,LITTORAL,U,4.713736,9.72138,28,21.837452,100,96.42857142857143,3.9285714285714284,25,0.5770037376274497,55.764705657958984,0.08983253687620163,183641.84375
425,ADAMAOUA,U,6.462277,13.267282,27,19.920114,51.85185185185185,85.18518518518518,5.185185185185185,1.6666666666666667,0.5616824501439145,39.33587646484375,0.19662143290042877,672.560302734375
426,SUD-OUEST,U,4.088268,9.316459,25,10.33135,100,92,3.04,3.533333333333333,0.6490989818907621,62.77460479736328,0.1858193278312683,2785.72705078125
427,NORD-OUEST,R,6.303647,10.74267,25,20.186075,100,4,4.08,20.349462365591396,0.0024185966783548,42.581581115722656,0.06889996161827674,41459.71484375
428,YAOUNDE,U,3.854618,11.534267,26,39.227396,100,96.15384615384615,5.346153846153846,0,20.642923289331897,35.7159423828125,0.13904230296611786,286615.84375
429,LITTORAL,U,5.134994,9.968429,28,21.340284,92.85714285714285,96.42857142857142,5.928571428571429,12.357142857142858,0.1338716168557444,51.96783447265625,0.10376149415969849,982.1611328125
430,EST,R,4.111128,13.24074,28,20.940835999999997,64.28571428571429,50.00000000000001,5.964285714285714,149.45698924731184,2.2243938127937e-4,36.289398193359375,0.3295849391392299,5073.56298828125
431,CENTRE,R,5.008427,11.253785,28,24.425996,85.71428571428572,0,10.785714285714286,135.4959349593496,0,35.85752868652344,0.3400792734963553,6445.859375
432,NORD,R,9.354506,13.402444,27,47.84697,88.8888888888889,25.925925925925927,5.407407407407408,12.994652406417112,0.8950205934414742,15.235610961914063,0.203300803899765,587657
433,YAOUNDE,U,3.883597,11.500286,27,6.824169,100,100,5.703703703703703,0,25.75487638774671,35.7159423828125,0.14466910064220428,115224.6015625
434,CENTRE,U,4.438244,11.901472,28,32.623388000000006,89.28571428571428,92.85714285714285,5.9642857142857135,104.42857142857144,0.4206813943797144,34.740333557128906,0.3587195873260498,25172.23046875
435,SUD,R,2.90006,11.729828,28,13.892031999999999,64.28571428571429,0,8.321428571428573,176.77445652173913,0.00355396193006764,39.26229476928711,0.37298002243041994,3229.742431640625
436,CENTRE,U,4.165041,11.545193,28,19.564496000000002,96.42857142857143,100,5.928571428571428,40.266666666666666,1.0166479854260462,34.740333557128906,0.2825961410999298,22581.09375
437,DOUALA,U,4.027575,9.722779,28,30.580032,96.42857142857144,100,4.749999999999999,0,14.162345511014344,58.0782585144043,0.0799097865819931,232432.125
438,OUEST,R,5.106866,10.465615,28,17.421684,78.57142857142857,89.28571428571429,4.7857142857142865,61.307277628032345,0.06473528820535411,47.402366638183594,0.10896217028299968,94117.828125
439,EXTREME-NORD,U,10.612032,14.343363,28,27.482504,100,85.71428571428572,5.571428571428571,0.21428571428571427,2.734673817952474,11.393665313720703,0.16578461229801178,128192.3046875
441,CENTRE,R,3.62233,11.169313,28,7.779576,78.57142857142857,64.28571428571429,4.642857142857142,99.89402173913044,0.00676970968441087,40.57988357543945,0.4082848866780599,10289.455078125
442,OUEST,R,5.112917,10.42901,28,19.967724,50,85.71428571428571,5,68.91256830601093,0.03042023490229085,47.402366638183594,0.10289907455444336,79804.96875
443,EXTREME-NORD,U,12.769557,14.560725,28,29.00674,92.85714285714285,3.571428571428571,7.2142857142857135,100.57142857142856,0,6.266296863555908,0.1370891034603119,2965.778076171875
444,SUD,R,2.847468,11.169574,28,20.950132,67.85714285714286,28.571428571428573,8.035714285714286,36.55826558265583,0.1057190586290314,41.514286041259766,0.29831160817827496,130490.9609375
445,DOUALA,U,4.083581,9.616093,28,72.344244,100,96.42857142857142,4.035714285714286,7.875,1.0042081560407363,58.0782585144043,0.16546370089054108,28229.806640625
446,YAOUNDE,U,3.876906,11.478789,28,9.369304000000001,100,100,5.071428571428571,0,12.532527528960127,40.57988357543945,0.1648089736700058,58972.1796875
447,YAOUNDE,U,3.814339,11.497181,28,68.029304,89.28571428571429,100,3.821428571428572,0,11.801227507044056,40.57988357543945,0.18554958701133728,184478.90625
448,CENTRE,U,4.750062,11.21874,28,18.365704,100,96.42857142857143,5.035714285714286,0.9333333333333332,1.1495128631591798,35.85752868652344,0.2226860374212265,71243.8125
449,NORD-OUEST,R,6.017733,10.120192,28,36.164856,67.85714285714286,89.28571428571429,4.7142857142857135,12.208672086720869,0.2797756246758024,43.902313232421875,0.07663106918334961,170238.28125
450,EXTREME-NORD,U,12.066657,15.035812,28,26.839484,100,100,4.285714285714286,2.3125,1.3540823618570963,8.035714149475098,0.15693962574005127,67676.71875
451,EXTREME-NORD,R,10.481704,14.784792,26,40.29103,61.53846153846153,0,5.576923076923077,87.19251336898395,5.7465373710207616e-5,12.617053985595703,0.20671936869621277,29815.072265625
452,EXTREME-NORD,R,10.985032,14.349723,28,54.451488,28.57142857142857,0,4.892857142857143,59.831550802139034,0,11.393665313720703,0.2431609332561493,21406.029296875
453,LITTORAL,U,4.946776,9.922827,28,10.553647999999999,100,96.42857142857143,3.857142857142857,1.0714285714285714,1.6389956716763772,55.764705657958984,0.04471787437796593,67042.8671875
454,NORD,U,9.296845,13.372689,28,16.018044000000003,96.42857142857142,89.28571428571428,4.678571428571428,0.6428571428571429,4.242452330508475,15.235610961914063,0.2118137627840042,17694.810546875
455,EXTREME-NORD,R,10.651806,13.91417,28,63.607768,78.57142857142856,32.142857142857146,5.428571428571428,39.97866666666667,8.1702604479562e-4,11.610509872436523,0.24520727566310335,151419.96875
456,SUD,U,2.943631,11.987041,28,9.926587999999999,100,100,6.178571428571429,100.33333333333331,1.286597021694841,39.26229476928711,0.2863525450229645,48693.1953125
457,OUEST,U,5.497691,10.43389,28,23.228352,100,89.28571428571428,5,0.14285714285714285,0.45193645871918775,47.402366638183594,0.03950145095586777,52580.328125
458,DOUALA,U,3.976194,9.75298,25,55.021425,100,92.00000000000001,4.3999999999999995,6.25,1.2675511678059896,57.6485710144043,0.09935300797224043,3414.76708984375
459,ADAMAOUA,U,7.320946,13.595693,26,10.049546,96.15384615384615,96.15384615384615,4.423076923076923,0.125,3.696319580078125,36.7579460144043,0.13923582434654236,48518.984375
461,DOUALA,U,4.012805,9.744562,27,24.554285999999998,100,100,4.740740740740741,0,9.300823343211206,57.6485710144043,0.0799097865819931,94226.78125
462,SUD,U,2.921289,11.128844,28,6.962339999999999,85.71428571428571,92.85714285714286,6.071428571428572,16.9375,0.43343226114908856,41.514286041259766,0.2283463031053543,3502.857421875
463,LITTORAL,R,3.645991,9.662825,25,5.7962,52,32,3.32,182.56,0,57.6485710144043,0.23062018553415933,306.54302978515625
465,DOUALA,U,4.063146,9.717118,26,21.51305,100,100,4.230769230769231,0,13.332835071491743,58.0782585144043,0.07472863793373108,136053.734375
466,EXTREME-NORD,R,10.85083,14.659263,27,38.539476,100,0,4.62962962962963,94.12972972972972,0,11.652567863464355,0.19730820655822753,49029.83984375
467,LITTORAL,U,4.960422,9.937793,28,13.229467999999999,100,100,5.321428571428572,0.06666666666666667,2.5998405844478283,55.764705657958984,0.05121275782585144,147278.375
468,NORD,R,9.544194,13.200813,26,29.218202,30.76923076923077,50,5.576923076923077,79.936,6.612479766636e-4,13.62778663635254,0.2854646784918649,14149.837890625
469,NORD,R,10.190109,13.740545,27,36.134423999999996,18.51851851851852,0,6.222222222222222,64.464,0.00119819061435155,12.522293090820313,0.16044313112894695,45658.3828125
