date,annee,mois,t2m_c
1940-01-01,1940,1,24.025
1940-02-01,1940,2,24.757
1940-03-01,1940,3,25.009
1940-04-01,1940,4,24.766
1940-05-01,1940,5,24.335
1940-06-01,1940,6,23.569
1940-07-01,1940,7,23.04
1940-08-01,1940,8,22.948
1940-09-01,1940,9,22.842
1940-10-01,1940,10,23.048
1940-11-01,1940,11,22.818
1940-12-01,1940,12,23.86
1941-01-01,1941,1,24.509
1941-02-01,1941,2,25.534
1941-03-01,1941,3,26.446
1941-04-01,1941,4,26.085
1941-05-01,1941,5,24.365
1941-06-01,1941,6,24.035
1941-07-01,1941,7,22.963
1941-08-01,1941,8,22.978
1941-09-01,1941,9,22.701
1941-10-01,1941,10,23.602
1941-11-01,1941,11,23.294
1941-12-01,1941,12,23.576
1942-01-01,1942,1,24.473
1942-02-01,1942,2,25.296
1942-03-01,1942,3,25.442
1942-04-01,1942,4,24.73
1942-05-01,1942,5,24.122
1942-06-01,1942,6,23.514
1942-07-01,1942,7,22.164
1942-08-01,1942,8,22.203
1942-09-01,1942,9,22.425
1942-10-01,1942,10,22.975
1942-11-01,1942,11,23.611
1942-12-01,1942,12,23.539
1943-01-01,1943,1,24.203
1943-02-01,1943,2,25.194
1943-03-01,1943,3,25.049
1943-04-01,1943,4,24.754
1943-05-01,1943,5,24.211
1943-06-01,1943,6,23.811
1943-07-01,1943,7,22.148
1943-08-01,1943,8,22.494
1943-09-01,1943,9,23.174
1943-10-01,1943,10,24
1943-11-01,1943,11,23.079
1943-12-01,1943,12,24.077
1944-01-01,1944,1,24.403
1944-02-01,1944,2,25.549
1944-03-01,1944,3,25.367
1944-04-01,1944,4,24.722
1944-05-01,1944,5,24.534
1944-06-01,1944,6,23.437
1944-07-01,1944,7,22.385
1944-08-01,1944,8,22.397
1944-09-01,1944,9,22.64
1944-10-01,1944,10,23.007
1944-11-01,1944,11,23.485
1944-12-01,1944,12,24.054
1945-01-01,1945,1,24.629
1945-02-01,1945,2,24.544
1945-03-01,1945,3,25.723
1945-04-01,1945,4,25.741
1945-05-01,1945,5,23.68
1945-06-01,1945,6,23.519
1945-07-01,1945,7,22.376
1945-08-01,1945,8,22.244
1945-09-01,1945,9,22.586
1945-10-01,1945,10,22.707
1945-11-01,1945,11,23.554
1945-12-01,1945,12,23.446
1946-01-01,1946,1,24.495
1946-02-01,1946,2,26.111
1946-03-01,1946,3,25.907
1946-04-01,1946,4,25.347
1946-05-01,1946,5,24.207
1946-06-01,1946,6,22.849
1946-07-01,1946,7,22.198
1946-08-01,1946,8,22.074
1946-09-01,1946,9,21.939
1946-10-01,1946,10,21.954
1946-11-01,1946,11,22.961
1946-12-01,1946,12,23.738
1947-01-01,1947,1,24.347
1947-02-01,1947,2,25.528
1947-03-01,1947,3,25.804
1947-04-01,1947,4,25.59
1947-05-01,1947,5,24.12
1947-06-01,1947,6,22.731
1947-07-01,1947,7,22.161
1947-08-01,1947,8,22.223
1947-09-01,1947,9,22.593
1947-10-01,1947,10,22.843
1947-11-01,1947,11,23.199
1947-12-01,1947,12,23.55
1948-01-01,1948,1,24.215
1948-02-01,1948,2,24.959
1948-03-01,1948,3,25.019
1948-04-01,1948,4,24.551
1948-05-01,1948,5,24.717
1948-06-01,1948,6,23.628
1948-07-01,1948,7,22.444
1948-08-01,1948,8,22.179
1948-09-01,1948,9,22.04
1948-10-01,1948,10,22.411
1948-11-01,1948,11,22.889
1948-12-01,1948,12,23.369
1949-01-01,1949,1,24.842
1949-02-01,1949,2,25.19
1949-03-01,1949,3,26.219
1949-04-01,1949,4,25.657
1949-05-01,1949,5,24.879
1949-06-01,1949,6,23.957
1949-07-01,1949,7,23.072
1949-08-01,1949,8,22.489
1949-09-01,1949,9,23.009
1949-10-01,1949,10,23.411
1949-11-01,1949,11,23.907
1949-12-01,1949,12,23.712
1950-01-01,1950,1,24.557
1950-02-01,1950,2,24.908
1950-03-01,1950,3,25.226
1950-04-01,1950,4,25.354
1950-05-01,1950,5,24.542
1950-06-01,1950,6,23.484
1950-07-01,1950,7,22.126
1950-08-01,1950,8,21.905
1950-09-01,1950,9,22.735
1950-10-01,1950,10,22.721
1950-11-01,1950,11,23.115
1950-12-01,1950,12,23.89
1951-01-01,1951,1,24.279
1951-02-01,1951,2,24.374
1951-03-01,1951,3,25.026
1951-04-01,1951,4,25.092
1951-05-01,1951,5,24.603
1951-06-01,1951,6,23.433
1951-07-01,1951,7,22.695
1951-08-01,1951,8,22.632
1951-09-01,1951,9,22.804
1951-10-01,1951,10,22.975
1951-11-01,1951,11,23.01
1951-12-01,1951,12,23.453
1952-01-01,1952,1,24.892
1952-02-01,1952,2,24.926
1952-03-01,1952,3,25.557
1952-04-01,1952,4,25.235
1952-05-01,1952,5,24.68
1952-06-01,1952,6,23.625
1952-07-01,1952,7,22.178
1952-08-01,1952,8,22.434
1952-09-01,1952,9,22.361
1952-10-01,1952,10,22.726
1952-11-01,1952,11,22.805
1952-12-01,1952,12,23.945
1953-01-01,1953,1,24.357
1953-02-01,1953,2,25.16
1953-03-01,1953,3,25.248
1953-04-01,1953,4,25.375
1953-05-01,1953,5,24.273
1953-06-01,1953,6,22.965
1953-07-01,1953,7,22.362
1953-08-01,1953,8,22.236
1953-09-01,1953,9,22.579
1953-10-01,1953,10,22.805
1953-11-01,1953,11,23.115
1953-12-01,1953,12,23.336
1954-01-01,1954,1,24.275
1954-02-01,1954,2,25.15
1954-03-01,1954,3,25.338
1954-04-01,1954,4,24.992
1954-05-01,1954,5,24.875
1954-06-01,1954,6,23.204
1954-07-01,1954,7,21.838
1954-08-01,1954,8,21.906
1954-09-01,1954,9,22.198
1954-10-01,1954,10,22.354
1954-11-01,1954,11,23.042
1954-12-01,1954,12,23.478
1955-01-01,1955,1,24.414
1955-02-01,1955,2,25.274
1955-03-01,1955,3,25.464
1955-04-01,1955,4,25.128
1955-05-01,1955,5,24.019
1955-06-01,1955,6,22.772
1955-07-01,1955,7,21.982
1955-08-01,1955,8,22.101
1955-09-01,1955,9,22.351
1955-10-01,1955,10,22.744
1955-11-01,1955,11,23.438
1955-12-01,1955,12,23.451
1956-01-01,1956,1,23.908
1956-02-01,1956,2,25.366
1956-03-01,1956,3,24.83
1956-04-01,1956,4,25.113
1956-05-01,1956,5,24.914
1956-06-01,1956,6,23.177
1956-07-01,1956,7,21.844
1956-08-01,1956,8,22.27
1956-09-01,1956,9,22.103
1956-10-01,1956,10,22.361
1956-11-01,1956,11,23.096
1956-12-01,1956,12,23.168
1957-01-01,1957,1,23.396
1957-02-01,1957,2,24.162
1957-03-01,1957,3,25.375
1957-04-01,1957,4,25.041
1957-05-01,1957,5,24.389
1957-06-01,1957,6,23.106
1957-07-01,1957,7,22.52
1957-08-01,1957,8,22.406
1957-09-01,1957,9,22.764
1957-10-01,1957,10,22.755
1957-11-01,1957,11,23.81
1957-12-01,1957,12,23.887
1958-01-01,1958,1,25.311
1958-02-01,1958,2,25.648
1958-03-01,1958,3,26.76
1958-04-01,1958,4,25.668
1958-05-01,1958,5,24.408
1958-06-01,1958,6,23.13
1958-07-01,1958,7,22.276
1958-08-01,1958,8,22.08
1958-09-01,1958,9,22.397
1958-10-01,1958,10,23.028
1958-11-01,1958,11,23.617
1958-12-01,1958,12,24.244
1959-01-01,1959,1,24.631
1959-02-01,1959,2,25.496
1959-03-01,1959,3,26.421
1959-04-01,1959,4,26.003
1959-05-01,1959,5,24.887
1959-06-01,1959,6,24.115
1959-07-01,1959,7,22.886
1959-08-01,1959,8,22.311
1959-09-01,1959,9,22.539
1959-10-01,1959,10,23.522
1959-11-01,1959,11,23.988
1959-12-01,1959,12,23.993
1960-01-01,1960,1,24.576
1960-02-01,1960,2,25.259
1960-03-01,1960,3,26.109
1960-04-01,1960,4,25.52
1960-05-01,1960,5,24.725
1960-06-01,1960,6,23.753
1960-07-01,1960,7,22.545
1960-08-01,1960,8,22.579
1960-09-01,1960,9,22.48
1960-10-01,1960,10,23.256
1960-11-01,1960,11,23.667
1960-12-01,1960,12,24.384
1961-01-01,1961,1,24.518
1961-02-01,1961,2,24.624
1961-03-01,1961,3,26.284
1961-04-01,1961,4,25.475
1961-05-01,1961,5,24.991
1961-06-01,1961,6,23.53
1961-07-01,1961,7,22.23
1961-08-01,1961,8,22.132
1961-09-01,1961,9,22.131
1961-10-01,1961,10,22.972
1961-11-01,1961,11,23.228
1961-12-01,1961,12,23.236
1962-01-01,1962,1,23.695
1962-02-01,1962,2,25.388
1962-03-01,1962,3,25.416
1962-04-01,1962,4,25.085
1962-05-01,1962,5,24.539
1962-06-01,1962,6,22.987
1962-07-01,1962,7,23.01
1962-08-01,1962,8,22.28
1962-09-01,1962,9,22.34
1962-10-01,1962,10,22.956
1962-11-01,1962,11,23.592
1962-12-01,1962,12,23.899
1963-01-01,1963,1,24.068
1963-02-01,1963,2,25.832
1963-03-01,1963,3,26.105
1963-04-01,1963,4,25.439
1963-05-01,1963,5,24.743
1963-06-01,1963,6,23.995
1963-07-01,1963,7,22.988
1963-08-01,1963,8,22.987
1963-09-01,1963,9,23.319
1963-10-01,1963,10,23.629
1963-11-01,1963,11,23.502
1963-12-01,1963,12,23.781
1964-01-01,1964,1,24.565
1964-02-01,1964,2,25.265
1964-03-01,1964,3,26.567
1964-04-01,1964,4,26.369
1964-05-01,1964,5,26.252
1964-06-01,1964,6,24.714
1964-07-01,1964,7,23.275
1964-08-01,1964,8,22.45
1964-09-01,1964,9,22.486
1964-10-01,1964,10,23.296
1964-11-01,1964,11,23.398
1964-12-01,1964,12,23.43
1965-01-01,1965,1,23.988
1965-02-01,1965,2,24.595
1965-03-01,1965,3,25.302
1965-04-01,1965,4,25.871
1965-05-01,1965,5,26.086
1965-06-01,1965,6,23.91
1965-07-01,1965,7,23.147
1965-08-01,1965,8,23.041
1965-09-01,1965,9,22.928
1965-10-01,1965,10,23.714
1965-11-01,1965,11,23.822
1965-12-01,1965,12,23.428
1966-01-01,1966,1,24.427
1966-02-01,1966,2,24.945
1966-03-01,1966,3,26.759
1966-04-01,1966,4,26.234
1966-05-01,1966,5,25.65
1966-06-01,1966,6,24.711
1966-07-01,1966,7,23.851
1966-08-01,1966,8,23.078
1966-09-01,1966,9,22.874
1966-10-01,1966,10,23.626
1966-11-01,1966,11,23.989
1966-12-01,1966,12,23.582
1967-01-01,1967,1,22.592
1967-02-01,1967,2,24.553
1967-03-01,1967,3,25.192
1967-04-01,1967,4,25.454
1967-05-01,1967,5,24.562
1967-06-01,1967,6,23.054
1967-07-01,1967,7,22.344
1967-08-01,1967,8,22.036
1967-09-01,1967,9,22.287
1967-10-01,1967,10,22.902
1967-11-01,1967,11,23.511
1967-12-01,1967,12,23.608
1968-01-01,1968,1,23.152
1968-02-01,1968,2,24.508
1968-03-01,1968,3,24.851
1968-04-01,1968,4,24.927
1968-05-01,1968,5,24.141
1968-06-01,1968,6,22.955
1968-07-01,1968,7,22.35
1968-08-01,1968,8,22.651
1968-09-01,1968,9,22.73
1968-10-01,1968,10,23.696
1968-11-01,1968,11,23.775
1968-12-01,1968,12,23.85
1969-01-01,1969,1,23.571
1969-02-01,1969,2,25.479
1969-03-01,1969,3,25.451
1969-04-01,1969,4,25.584
1969-05-01,1969,5,24.851
1969-06-01,1969,6,23.699
1969-07-01,1969,7,22.444
1969-08-01,1969,8,22.279
1969-09-01,1969,9,22.568
1969-10-01,1969,10,23.085
1969-11-01,1969,11,23.314
1969-12-01,1969,12,23.562
1970-01-01,1970,1,23.769
1970-02-01,1970,2,25.217
1970-03-01,1970,3,25.632
1970-04-01,1970,4,25.54
1970-05-01,1970,5,24.59
1970-06-01,1970,6,23.671
1970-07-01,1970,7,22.395
1970-08-01,1970,8,22.172
1970-09-01,1970,9,22.4
1970-10-01,1970,10,23.195
1970-11-01,1970,11,23.703
1970-12-01,1970,12,23.117
1971-01-01,1971,1,23.159
1971-02-01,1971,2,24.614
1971-03-01,1971,3,25.463
1971-04-01,1971,4,25.05
1971-05-01,1971,5,24.756
1971-06-01,1971,6,23.4
1971-07-01,1971,7,22.212
1971-08-01,1971,8,21.971
1971-09-01,1971,9,22.363
1971-10-01,1971,10,23.145
1971-11-01,1971,11,23.675
1971-12-01,1971,12,22.674
1972-01-01,1972,1,23.812
1972-02-01,1972,2,24.816
1972-03-01,1972,3,25.19
1972-04-01,1972,4,24.764
1972-05-01,1972,5,24.434
1972-06-01,1972,6,23.097
1972-07-01,1972,7,22.976
1972-08-01,1972,8,22.407
1972-09-01,1972,9,22.947
1972-10-01,1972,10,23.43
1972-11-01,1972,11,23.839
1972-12-01,1972,12,24.577
1973-01-01,1973,1,24.955
1973-02-01,1973,2,26.292
1973-03-01,1973,3,26.122
1973-04-01,1973,4,25.849
1973-05-01,1973,5,24.61
1973-06-01,1973,6,24.073
1973-07-01,1973,7,22.992
1973-08-01,1973,8,22.475
1973-09-01,1973,9,22.765
1973-10-01,1973,10,23.321
1973-11-01,1973,11,23.368
1973-12-01,1973,12,23.2
1974-01-01,1974,1,23.066
1974-02-01,1974,2,24.618
1974-03-01,1974,3,25.189
1974-04-01,1974,4,24.893
1974-05-01,1974,5,23.862
1974-06-01,1974,6,23.363
1974-07-01,1974,7,22.002
1974-08-01,1974,8,22.316
1974-09-01,1974,9,22.076
1974-10-01,1974,10,22.917
1974-11-01,1974,11,23.359
1974-12-01,1974,12,22.548
1975-01-01,1975,1,23.211
1975-02-01,1975,2,24.568
1975-03-01,1975,3,25.353
1975-04-01,1975,4,25.133
1975-05-01,1975,5,24.344
1975-06-01,1975,6,23.431
1975-07-01,1975,7,22.048
1975-08-01,1975,8,21.887
1975-09-01,1975,9,21.955
1975-10-01,1975,10,22.714
1975-11-01,1975,11,23.209
1975-12-01,1975,12,22.592
1976-01-01,1976,1,23.37
1976-02-01,1976,2,24.306
1976-03-01,1976,3,25.085
1976-04-01,1976,4,25.06
1976-05-01,1976,5,24.274
1976-06-01,1976,6,22.981
1976-07-01,1976,7,22.118
1976-08-01,1976,8,21.996
1976-09-01,1976,9,22.767
1976-10-01,1976,10,23.087
1976-11-01,1976,11,22.852
1976-12-01,1976,12,23.389
1977-01-01,1977,1,23.668
1977-02-01,1977,2,24.679
1977-03-01,1977,3,25.805
1977-04-01,1977,4,26.147
1977-05-01,1977,5,24.864
1977-06-01,1977,6,23.454
1977-07-01,1977,7,22.655
1977-08-01,1977,8,22.54
1977-09-01,1977,9,22.999
1977-10-01,1977,10,23.485
1977-11-01,1977,11,23.783
1977-12-01,1977,12,23.132
1978-01-01,1978,1,23.702
1978-02-01,1978,2,25.689
1978-03-01,1978,3,25.776
1978-04-01,1978,4,24.873
1978-05-01,1978,5,24.371
1978-06-01,1978,6,23.236
1978-07-01,1978,7,22.34
1978-08-01,1978,8,22.502
1978-09-01,1978,9,22.515
1978-10-01,1978,10,23.261
1978-11-01,1978,11,23.431
1978-12-01,1978,12,23.415
1979-01-01,1979,1,23.848
1979-02-01,1979,2,24.901
1979-03-01,1979,3,25.599
1979-04-01,1979,4,25.256
1979-05-01,1979,5,24.501
1979-06-01,1979,6,23.429
1979-07-01,1979,7,22.75
1979-08-01,1979,8,22.727
1979-09-01,1979,9,22.789
1979-10-01,1979,10,23.395
1979-11-01,1979,11,23.663
1979-12-01,1979,12,23.075
1980-01-01,1980,1,24.336
1980-02-01,1980,2,25.312
1980-03-01,1980,3,25.924
1980-04-01,1980,4,25.869
1980-05-01,1980,5,24.577
1980-06-01,1980,6,23.654
1980-07-01,1980,7,22.522
1980-08-01,1980,8,22.547
1980-09-01,1980,9,23.018
1980-10-01,1980,10,23.32
1980-11-01,1980,11,23.181
1980-12-01,1980,12,22.917
1981-01-01,1981,1,23.214
1981-02-01,1981,2,25.043
1981-03-01,1981,3,25.82
1981-04-01,1981,4,25.662
1981-05-01,1981,5,24.213
1981-06-01,1981,6,23.798
1981-07-01,1981,7,22.288
1981-08-01,1981,8,22.346
1981-09-01,1981,9,22.614
1981-10-01,1981,10,23.36
1981-11-01,1981,11,23.166
1981-12-01,1981,12,23.632
1982-01-01,1982,1,23.971
1982-02-01,1982,2,24.589
1982-03-01,1982,3,25.342
1982-04-01,1982,4,25.543
1982-05-01,1982,5,24.502
1982-06-01,1982,6,23.647
1982-07-01,1982,7,22.562
1982-08-01,1982,8,22.322
1982-09-01,1982,9,22.831
1982-10-01,1982,10,22.861
1982-11-01,1982,11,23.192
1982-12-01,1982,12,23.442
1983-01-01,1983,1,22.237
1983-02-01,1983,2,25.802
1983-03-01,1983,3,26.611
1983-04-01,1983,4,26.848
1983-05-01,1983,5,25.723
1983-06-01,1983,6,23.968
1983-07-01,1983,7,22.955
1983-08-01,1983,8,22.6
1983-09-01,1983,9,23.078
1983-10-01,1983,10,23.369
1983-11-01,1983,11,23.584
1983-12-01,1983,12,23.363
1984-01-01,1984,1,23.196
1984-02-01,1984,2,25.419
1984-03-01,1984,3,25.745
1984-04-01,1984,4,25.341
1984-05-01,1984,5,24.456
1984-06-01,1984,6,23.708
1984-07-01,1984,7,22.772
1984-08-01,1984,8,23.108
1984-09-01,1984,9,22.715
1984-10-01,1984,10,23.554
1984-11-01,1984,11,23.575
1984-12-01,1984,12,23.022
1985-01-01,1985,1,24.453
1985-02-01,1985,2,24.335
1985-03-01,1985,3,25.706
1985-04-01,1985,4,24.959
1985-05-01,1985,5,24.343
1985-06-01,1985,6,23.278
1985-07-01,1985,7,22.281
1985-08-01,1985,8,22.25
1985-09-01,1985,9,22.403
1985-10-01,1985,10,23.054
1985-11-01,1985,11,23.875
1985-12-01,1985,12,23.337
1986-01-01,1986,1,23.957
1986-02-01,1986,2,25.5
1986-03-01,1986,3,25.261
1986-04-01,1986,4,25.978
1986-05-01,1986,5,25.174
1986-06-01,1986,6,23.867
1986-07-01,1986,7,22.376
1986-08-01,1986,8,22.812
1986-09-01,1986,9,22.698
1986-10-01,1986,10,23.249
1986-11-01,1986,11,23.561
1986-12-01,1986,12,22.93
1987-01-01,1987,1,24.171
1987-02-01,1987,2,25.783
1987-03-01,1987,3,26.219
1987-04-01,1987,4,26.203
1987-05-01,1987,5,25.589
1987-06-01,1987,6,24.109
1987-07-01,1987,7,23.889
1987-08-01,1987,8,23.136
1987-09-01,1987,9,23.469
1987-10-01,1987,10,23.84
1987-11-01,1987,11,24.502
1987-12-01,1987,12,24.364
1988-01-01,1988,1,24.33
1988-02-01,1988,2,25.702
1988-03-01,1988,3,26.276
1988-04-01,1988,4,25.99
1988-05-01,1988,5,25.065
1988-06-01,1988,6,23.717
1988-07-01,1988,7,22.603
1988-08-01,1988,8,22.694
1988-09-01,1988,9,22.714
1988-10-01,1988,10,23.456
1988-11-01,1988,11,23.976
1988-12-01,1988,12,23.387
1989-01-01,1989,1,22.305
1989-02-01,1989,2,24.107
1989-03-01,1989,3,25.701
1989-04-01,1989,4,25.832
1989-05-01,1989,5,24.271
1989-06-01,1989,6,23.827
1989-07-01,1989,7,22.741
1989-08-01,1989,8,22.441
1989-09-01,1989,9,22.995
1989-10-01,1989,10,23.278
1989-11-01,1989,11,24.185
1989-12-01,1989,12,23.631
1990-01-01,1990,1,24.443
1990-02-01,1990,2,24.945
1990-03-01,1990,3,26.335
1990-04-01,1990,4,26.291
1990-05-01,1990,5,24.703
1990-06-01,1990,6,24.271
1990-07-01,1990,7,22.715
1990-08-01,1990,8,22.783
1990-09-01,1990,9,23.062
1990-10-01,1990,10,23.734
1990-11-01,1990,11,24.293
1990-12-01,1990,12,24.536
1991-01-01,1991,1,24.586
1991-02-01,1991,2,26.151
1991-03-01,1991,3,26.424
1991-04-01,1991,4,25.302
1991-05-01,1991,5,24.24
1991-06-01,1991,6,24.263
1991-07-01,1991,7,22.97
1991-08-01,1991,8,22.646
1991-09-01,1991,9,23.364
1991-10-01,1991,10,22.919
1991-11-01,1991,11,23.765
1991-12-01,1991,12,23.718
1992-01-01,1992,1,23.798
1992-02-01,1992,2,24.931
1992-03-01,1992,3,26.05
1992-04-01,1992,4,25.51
1992-05-01,1992,5,24.669
1992-06-01,1992,6,23.562
1992-07-01,1992,7,22.526
1992-08-01,1992,8,22.299
1992-09-01,1992,9,22.711
1992-10-01,1992,10,23.245
1992-11-01,1992,11,23.461
1992-12-01,1992,12,23.45
1993-01-01,1993,1,23.222
1993-02-01,1993,2,24.893
1993-03-01,1993,3,25.8
1993-04-01,1993,4,25.947
1993-05-01,1993,5,25.099
1993-06-01,1993,6,23.941
1993-07-01,1993,7,23.06
1993-08-01,1993,8,22.872
1993-09-01,1993,9,23.094
1993-10-01,1993,10,24.002
1993-11-01,1993,11,24.396
1993-12-01,1993,12,23.954
1994-01-01,1994,1,24.172
1994-02-01,1994,2,25.165
1994-03-01,1994,3,26.6
1994-04-01,1994,4,25.894
1994-05-01,1994,5,24.995
1994-06-01,1994,6,23.923
1994-07-01,1994,7,22.943
1994-08-01,1994,8,22.679
1994-09-01,1994,9,23.121
1994-10-01,1994,10,23.426
1994-11-01,1994,11,23.644
1994-12-01,1994,12,23.573
1995-01-01,1995,1,24.181
1995-02-01,1995,2,24.826
1995-03-01,1995,3,26.219
1995-04-01,1995,4,26.207
1995-05-01,1995,5,25.03
1995-06-01,1995,6,24.195
1995-07-01,1995,7,23.044
1995-08-01,1995,8,23.157
1995-09-01,1995,9,23.281
1995-10-01,1995,10,23.38
1995-11-01,1995,11,23.872
1995-12-01,1995,12,23.907
1996-01-01,1996,1,24.702
1996-02-01,1996,2,25.894
1996-03-01,1996,3,25.941
1996-04-01,1996,4,25.626
1996-05-01,1996,5,24.662
1996-06-01,1996,6,23.618
1996-07-01,1996,7,22.952
1996-08-01,1996,8,22.77
1996-09-01,1996,9,23.04
1996-10-01,1996,10,23.238
1996-11-01,1996,11,23.805
1996-12-01,1996,12,24.01
1997-01-01,1997,1,24.618
1997-02-01,1997,2,24.777
1997-03-01,1997,3,26.496
1997-04-01,1997,4,25.099
1997-05-01,1997,5,24.473
1997-06-01,1997,6,23.654
1997-07-01,1997,7,23.176
1997-08-01,1997,8,23.236
1997-09-01,1997,9,23.546
1997-10-01,1997,10,24.018
1997-11-01,1997,11,24.131
1997-12-01,1997,12,23.97
1998-01-01,1998,1,24.661
1998-02-01,1998,2,26.78
1998-03-01,1998,3,27.233
1998-04-01,1998,4,27.438
1998-05-01,1998,5,26.228
1998-06-01,1998,6,24.741
1998-07-01,1998,7,23.439
1998-08-01,1998,8,23.088
1998-09-01,1998,9,23.216
1998-10-01,1998,10,23.789
1998-11-01,1998,11,24.465
1998-12-01,1998,12,24.25
1999-01-01,1999,1,24.256
1999-02-01,1999,2,25.79
1999-03-01,1999,3,26.309
1999-04-01,1999,4,25.785
1999-05-01,1999,5,24.561
1999-06-01,1999,6,23.932
1999-07-01,1999,7,22.686
1999-08-01,1999,8,22.636
1999-09-01,1999,9,22.574
1999-10-01,1999,10,22.735
1999-11-01,1999,11,23.701
1999-12-01,1999,12,23.596
2000-01-01,2000,1,24.555
2000-02-01,2000,2,24.495
2000-03-01,2000,3,26.016
2000-04-01,2000,4,25.623
2000-05-01,2000,5,24.993
2000-06-01,2000,6,23.475
2000-07-01,2000,7,22.648
2000-08-01,2000,8,22.518
2000-09-01,2000,9,22.896
2000-10-01,2000,10,23.41
2000-11-01,2000,11,23.909
2000-12-01,2000,12,23.342
2001-01-01,2001,1,23.562
2001-02-01,2001,2,25.199
2001-03-01,2001,3,26.018
2001-04-01,2001,4,25.682
2001-05-01,2001,5,25.048
2001-06-01,2001,6,23.604
2001-07-01,2001,7,22.758
2001-08-01,2001,8,22.517
2001-09-01,2001,9,22.826
2001-10-01,2001,10,23.682
2001-11-01,2001,11,24.176
2001-12-01,2001,12,24.396
2002-01-01,2002,1,23.552
2002-02-01,2002,2,25.505
2002-03-01,2002,3,26.329
2002-04-01,2002,4,25.975
2002-05-01,2002,5,25.57
2002-06-01,2002,6,24.037
2002-07-01,2002,7,23.566
2002-08-01,2002,8,22.995
2002-09-01,2002,9,23.308
2002-10-01,2002,10,23.339
2002-11-01,2002,11,23.807
2002-12-01,2002,12,24.02
2003-01-01,2003,1,24.786
2003-02-01,2003,2,26.443
2003-03-01,2003,3,26.87
2003-04-01,2003,4,25.946
2003-05-01,2003,5,25.445
2003-06-01,2003,6,23.694
2003-07-01,2003,7,23.119
2003-08-01,2003,8,23.053
2003-09-01,2003,9,23.106
2003-10-01,2003,10,23.765
2003-11-01,2003,11,24.183
2003-12-01,2003,12,24.33
2004-01-01,2004,1,25.107
2004-02-01,2004,2,25.683
2004-03-01,2004,3,26.891
2004-04-01,2004,4,26.014
2004-05-01,2004,5,24.879
2004-06-01,2004,6,23.478
2004-07-01,2004,7,23.056
2004-08-01,2004,8,23.034
2004-09-01,2004,9,23.284
2004-10-01,2004,10,23.865
2004-11-01,2004,11,24.293
2004-12-01,2004,12,24.645
2005-01-01,2005,1,24.521
2005-02-01,2005,2,27.413
2005-03-01,2005,3,26.928
2005-04-01,2005,4,26.778
2005-05-01,2005,5,25.189
2005-06-01,2005,6,24.096
2005-07-01,2005,7,23.25
2005-08-01,2005,8,22.864
2005-09-01,2005,9,23.468
2005-10-01,2005,10,23.685
2005-11-01,2005,11,24.71
2005-12-01,2005,12,24.543
2006-01-01,2006,1,25.782
2006-02-01,2006,2,26.645
2006-03-01,2006,3,26.548
2006-04-01,2006,4,26.328
2006-05-01,2006,5,24.689
2006-06-01,2006,6,24.35
2006-07-01,2006,7,23.505
2006-08-01,2006,8,23.07
2006-09-01,2006,9,23.148
2006-10-01,2006,10,24.117
2006-11-01,2006,11,24.028
2006-12-01,2006,12,23.882
2007-01-01,2007,1,23.997
2007-02-01,2007,2,26.484
2007-03-01,2007,3,27.196
2007-04-01,2007,4,26.187
2007-05-01,2007,5,25.229
2007-06-01,2007,6,23.862
2007-07-01,2007,7,23.3
2007-08-01,2007,8,22.797
2007-09-01,2007,9,23.231
2007-10-01,2007,10,23.611
2007-11-01,2007,11,24.153
2007-12-01,2007,12,24.11
2008-01-01,2008,1,24.166
2008-02-01,2008,2,25.27
2008-03-01,2008,3,26.477
2008-04-01,2008,4,25.407
2008-05-01,2008,5,24.956
2008-06-01,2008,6,24.039
2008-07-01,2008,7,23.165
2008-08-01,2008,8,23.003
2008-09-01,2008,9,23.491
2008-10-01,2008,10,24.072
2008-11-01,2008,11,24.547
2008-12-01,2008,12,24.313
2009-01-01,2009,1,25.12
2009-02-01,2009,2,26.092
2009-03-01,2009,3,27.188
2009-04-01,2009,4,25.944
2009-05-01,2009,5,25.15
2009-06-01,2009,6,24.239
2009-07-01,2009,7,23.678
2009-08-01,2009,8,23.491
2009-09-01,2009,9,23.903
2009-10-01,2009,10,23.918
2009-11-01,2009,11,24.273
2009-12-01,2009,12,24.793
2010-01-01,2010,1,25.626
2010-02-01,2010,2,27.213
2010-03-01,2010,3,27.267
2010-04-01,2010,4,27.646
2010-05-01,2010,5,26.029
2010-06-01,2010,6,24.574
2010-07-01,2010,7,23.477
2010-08-01,2010,8,23.484
2010-09-01,2010,9,23.491
2010-10-01,2010,10,23.973
2010-11-01,2010,11,24.466
2010-12-01,2010,12,24.011
2011-01-01,2011,1,23.928
2011-02-01,2011,2,25.884
2011-03-01,2011,3,27.051
2011-04-01,2011,4,26.515
2011-05-01,2011,5,25.621
2011-06-01,2011,6,24.366
2011-07-01,2011,7,23.453
2011-08-01,2011,8,23.031
2011-09-01,2011,9,23.316
2011-10-01,2011,10,23.69
2011-11-01,2011,11,23.916
2011-12-01,2011,12,23.888
2012-01-01,2012,1,24.473
2012-02-01,2012,2,25.756
2012-03-01,2012,3,26.911
2012-04-01,2012,4,26.384
2012-05-01,2012,5,24.972
2012-06-01,2012,6,23.91
2012-07-01,2012,7,23.062
2012-08-01,2012,8,22.939
2012-09-01,2012,9,23.198
2012-10-01,2012,10,23.867
2012-11-01,2012,11,24.466
2012-12-01,2012,12,24.218
2013-01-01,2013,1,25.361
2013-02-01,2013,2,26.573
2013-03-01,2013,3,26.684
2013-04-01,2013,4,26.13
2013-05-01,2013,5,25.403
2013-06-01,2013,6,24.396
2013-07-01,2013,7,22.981
2013-08-01,2013,8,22.843
2013-09-01,2013,9,23.446
2013-10-01,2013,10,23.788
2013-11-01,2013,11,24.499
2013-12-01,2013,12,23.923
2014-01-01,2014,1,24.905
2014-02-01,2014,2,26.076
2014-03-01,2014,3,26.562
2014-04-01,2014,4,25.776
2014-05-01,2014,5,25.174
2014-06-01,2014,6,24.58
2014-07-01,2014,7,23.583
2014-08-01,2014,8,22.921
2014-09-01,2014,9,23.271
2014-10-01,2014,10,24.077
2014-11-01,2014,11,24.493
2014-12-01,2014,12,24.206
2015-01-01,2015,1,23.78
2015-02-01,2015,2,26.377
2015-03-01,2015,3,26.941
2015-04-01,2015,4,26.585
2015-05-01,2015,5,25.97
2015-06-01,2015,6,24.435
2015-07-01,2015,7,23.927
2015-08-01,2015,8,23.696
2015-09-01,2015,9,23.691
2015-10-01,2015,10,24.226
2015-11-01,2015,11,24.389
2015-12-01,2015,12,23.357
2016-01-01,2016,1,24.597
2016-02-01,2016,2,26.766
2016-03-01,2016,3,27.298
2016-04-01,2016,4,26.717
2016-05-01,2016,5,25.474
2016-06-01,2016,6,24.258
2016-07-01,2016,7,23.694
2016-08-01,2016,8,23.541
2016-09-01,2016,9,23.828
2016-10-01,2016,10,24.427
2016-11-01,2016,11,24.906
2016-12-01,2016,12,24.644
2017-01-01,2017,1,25.47
2017-02-01,2017,2,26.103
2017-03-01,2017,3,27.393
2017-04-01,2017,4,26.41
2017-05-01,2017,5,25.418
2017-06-01,2017,6,24.623
2017-07-01,2017,7,23.666
2017-08-01,2017,8,23.338
2017-09-01,2017,9,23.605
2017-10-01,2017,10,24.304
2017-11-01,2017,11,24.35
2017-12-01,2017,12,24.854
2018-01-01,2018,1,24.082
2018-02-01,2018,2,26.665
2018-03-01,2018,3,26.718
2018-04-01,2018,4,26.228
2018-05-01,2018,5,25.28
2018-06-01,2018,6,24.48
2018-07-01,2018,7,23.748
2018-08-01,2018,8,23.578
2018-09-01,2018,9,23.842
2018-10-01,2018,10,24.383
2018-11-01,2018,11,24.861
2018-12-01,2018,12,24.36
2019-01-01,2019,1,25.328
2019-02-01,2019,2,26.214
2019-03-01,2019,3,27.297
2019-04-01,2019,4,26.997
2019-05-01,2019,5,25.854
2019-06-01,2019,6,24.519
2019-07-01,2019,7,23.717
2019-08-01,2019,8,23.51
2019-09-01,2019,9,24.009
2019-10-01,2019,10,23.656
2019-11-01,2019,11,24.813
2019-12-01,2019,12,24.502
2020-01-01,2020,1,24.666
2020-02-01,2020,2,26.326
2020-03-01,2020,3,27.581
2020-04-01,2020,4,26.96
2020-05-01,2020,5,26.197
2020-06-01,2020,6,24.719
2020-07-01,2020,7,23.631
2020-08-01,2020,8,23.892
2020-09-01,2020,9,23.5
2020-10-01,2020,10,24.213
2020-11-01,2020,11,24.923
2020-12-01,2020,12,25.218
2021-01-01,2021,1,25.48
2021-02-01,2021,2,26.123
2021-03-01,2021,3,26.552
2021-04-01,2021,4,26.644
2021-05-01,2021,5,25.633
2021-06-01,2021,6,24.764
2021-07-01,2021,7,23.795
2021-08-01,2021,8,23.698
2021-09-01,2021,9,23.99
2021-10-01,2021,10,24.71
2021-11-01,2021,11,25.121
2021-12-01,2021,12,24.863
2022-01-01,2022,1,24.358
2022-02-01,2022,2,25.738
2022-03-01,2022,3,27.283
2022-04-01,2022,4,26.243
2022-05-01,2022,5,25.503
2022-06-01,2022,6,24.259
2022-07-01,2022,7,23.568
2022-08-01,2022,8,23.422
2022-09-01,2022,9,23.562
2022-10-01,2022,10,24.069
2022-11-01,2022,11,24.795
2022-12-01,2022,12,24.353
2023-01-01,2023,1,25.055
2023-02-01,2023,2,26.529
2023-03-01,2023,3,26.758
2023-04-01,2023,4,26.321
2023-05-01,2023,5,26.234
2023-06-01,2023,6,24.522
2023-07-01,2023,7,24.455
2023-08-01,2023,8,24.069
2023-09-01,2023,9,24.16
2023-10-01,2023,10,24.707
2023-11-01,2023,11,24.871
2023-12-01,2023,12,24.679
2024-01-01,2024,1,24.95
2024-02-01,2024,2,27
2024-03-01,2024,3,28.301
2024-04-01,2024,4,27.682
2024-05-01,2024,5,27.317
2024-06-01,2024,6,25.32
2024-07-01,2024,7,24.193
2024-08-01,2024,8,23.917
2024-09-01,2024,9,24.043
2024-10-01,2024,10,24.235
2024-11-01,2024,11,24.72
2024-12-01,2024,12,24.887
2025-01-01,2025,1,25.261
2025-02-01,2025,2,26.895
2025-03-01,2025,3,27.8
2025-04-01,2025,4,26.729
2025-05-01,2025,5,26.017
2025-06-01,2025,6,24.926
2025-07-01,2025,7,23.544
2025-08-01,2025,8,23.219
2025-09-01,2025,9,23.798
2025-10-01,2025,10,24.08
2025-11-01,2025,11,24.983
2025-12-01,2025,12,25.343
2026-01-01,2026,1,25.625
2026-02-01,2026,2,26.098
2026-03-01,2026,3,26.429
2026-04-01,2026,4,26.236
2026-05-01,2026,5,26.148
2026-06-01,2026,6,24.443
