admin2Pcod,adm2_name,n_menages,n_grappes,insecure_direct,rmse_direct,insecure_fh,rmse_fh,gain_rmse,gain_pct,deplacement,lc_13_urbain_adm2,lc_8_savane_boisee_adm2,statut
BJ0101,Banikoara,250,21,70.76982663019686,4.872033337570771,70.42618870944627,4.557916618744634,0.31411671882613756,6.447343379279056,-0.34363792075059507,0.0124653594946315,0.0029185283762044,Estimee (direct + Fay-Herriot)
BJ0102,Gogounou,72,6,63.165427038125564,3.615098509172212,63.407759132413126,3.480050024573804,0.1350484845984079,3.7356792423709475,0.24233209428756197,5.044390637610963e-5,0.1717110573042771,Estimee (direct + Fay-Herriot)
BJ0103,Kandi,108,9,55.815334844130724,4.70186783551895,57.37117567739344,4.41837821104902,0.2834896244699303,6.029298023402252,1.5558408332627138,0,0,Estimee (direct + Fay-Herriot)
BJ0104,Karimama,48,4,82.16888680269257,6.349549281604981,79.19770492796843,5.6939501780466335,0.6555991035583473,10.325128201739558,-2.971181874724138,0.0081937796234955,0,Estimee (direct + Fay-Herriot)
BJ0105,Malanville,120,10,68.23709456622964,4.36588273534492,68.36861125716176,4.1351289337640456,0.23075380158087455,5.2853870698990315,0.13151669093211638,0.04960300746064,0,Estimee (direct + Fay-Herriot)
BJ0106,Segbana,60,5,61.738612312033645,5.106308408971174,62.515645684883616,4.745204934982438,0.3611034739887353,7.071712968890004,0.7770333728499708,0,0.0926860900987293,Estimee (direct + Fay-Herriot)
BJ0202,Kerou,69,6,36.94015709441986,3.31249501556218,38.95319006841983,3.207897630546685,0.10459738501549509,3.157661657575154,2.0130329739999695,0,0.1468995154662864,Estimee (direct + Fay-Herriot)
BJ0203,Kobli,48,4,78.98659870557294,4.524296713507233,77.65525831261412,4.270230605294955,0.25406610821227815,5.6155934126461435,-1.331340392958822,0,0,Estimee (direct + Fay-Herriot)
BJ0204,Kouande,84,7,44.59096376033092,4.971889903153779,47.54584877066887,4.634850268396452,0.33703963475732746,6.7789038237458925,2.9548850103379465,6.0584030049679055e-5,0.2446515883222645,Estimee (direct + Fay-Herriot)
BJ0205,Materi,119,10,75.75133924329273,5.01036802951735,74.62621270115528,4.67100005481108,0.33936797470626967,6.7733143095869766,-1.1251265421374512,0,0,Estimee (direct + Fay-Herriot)
BJ0206,Natitingou,108,9,58.924628317585615,5.10200231594995,60.25322093625101,4.7447955433739235,0.35720677257602684,7.001305574858759,1.3285926186653967,0,0.0014189332827725,Estimee (direct + Fay-Herriot)
BJ0207,Pehunco,36,3,27.17613089385727,10.673610211789661,43.70105763695912,8.15800109633518,2.515609115454481,23.568493373271544,16.52492674310185,0.024874022760512,0.320929770818241,Estimee (direct + Fay-Herriot)
BJ0208,Tanguieta,60,5,60.840393460109674,4.783120814008556,61.77696953399721,4.485491775031624,0.2976290389769316,6.222486333718587,0.9365760738875366,0,3.776435045317e-4,Estimee (direct + Fay-Herriot)
BJ0302,Allada,108,9,84.5306633317777,3.8092302615106046,85.52573286822415,3.6630024818177986,0.14622777969280598,3.8387750189408942,0.9950695364464508,0.9366076703634308,0.0235290311327177,Estimee (direct + Fay-Herriot)
BJ0303,Kpomasse,84,7,78.78849919884068,4.201775149291747,79.61026026924281,3.996132724553142,0.2056424247386044,4.8941796605481755,0.8217610704021325,0.6453787940545845,0.0703315553072476,Estimee (direct + Fay-Herriot)
BJ0304,Ouidah,168,14,62.65996111287101,4.780301974139458,64.9868108687802,4.47724953043843,0.303052443701028,6.339608780794293,2.326849755909187,0.449840262037038,0.117199626590505,Estimee (direct + Fay-Herriot)
BJ0306,Toffo,96,8,78.22903812639554,4.5807310193954685,79.05185103289848,4.320109468990631,0.2606215504048377,5.689518753695183,0.8228129065029464,0.6600874848582652,0.2787228581778911,Estimee (direct + Fay-Herriot)
BJ0308,Ze,120,10,85.9689893163271,4.306096525157357,86.59386553846039,4.092456213498018,0.21364031165933905,4.961345162868406,0.6248762221332953,0.8262958691755669,0.1073448955318265,Estimee (direct + Fay-Herriot)
BJ0401,Bembereke,60,5,74.02481804791141,6.843536386788698,72.45866165492376,6.037763862122162,0.8057725246665361,11.77421261647798,-1.5661563929876507,1.13649278327e-4,0.0463373971159934,Estimee (direct + Fay-Herriot)
BJ0402,Kalale,72,6,51.39504378028364,4.905049205928388,53.421029341092314,4.580215528762945,0.32483367716544276,6.622434628644279,2.025985560808671,0.0161156619764619,0.2345932715787581,Estimee (direct + Fay-Herriot)
BJ0404,Nikki,72,6,46.90464675971452,5.036240019540487,49.81696492496698,4.688981544744507,0.3472584747959795,6.895193109316179,2.912318165252465,1.889644746787e-4,0.0896056637867329,Estimee (direct + Fay-Herriot)
BJ0405,Parakou,212,18,50.23386856807463,5.2191625723867014,52.83547274747585,4.835665731325544,0.38349684106115767,7.347861572470354,2.601604179401221,0,0.0765861769050243,Estimee (direct + Fay-Herriot)
BJ0406,Perere,48,4,61.813102557662866,7.7121708099802815,63.523723507355605,6.609529245006607,1.1026415649736743,14.297421467205464,1.7106209496927391,2.747252747252e-4,0.0088618864391405,Estimee (direct + Fay-Herriot)
BJ0407,Sinende,60,5,45.34024181657159,11.958620149740456,54.92258172850593,8.684577479958994,3.274042669781462,27.378097379006725,9.58233991193434,0.0020600352821305,0.2994522340272385,Estimee (direct + Fay-Herriot)
BJ0408,Tchaourou,119,10,56.24608760787778,5.2486759714722595,57.182518412825374,4.873424239913095,0.3752517315591648,7.149455093031896,0.9364308049475909,0.0558019613313295,0.7263613068168945,Estimee (direct + Fay-Herriot)
BJ0501,Bante,84,7,68.04346299925888,7.458950688063334,65.30625442258001,6.5365761631301735,0.9223745249331605,12.366009154736064,-2.737208576678867,0,0.9907127178915448,Estimee (direct + Fay-Herriot)
BJ0503,Glazoue,96,8,56.04999455041243,7.266837410609021,57.51059229142095,6.335679470835949,0.9311579397730725,12.813799004414959,1.4605977410085202,0,0.6215924651672816,Estimee (direct + Fay-Herriot)
BJ0504,Ouesse,108,9,49.523204795003466,7.676685452215476,52.010301527812935,6.67009788844562,1.0065875637698554,13.112267918693428,2.4870967328094693,8.228313444224e-4,0.9539286958716974,Estimee (direct + Fay-Herriot)
BJ0505,Savalou,144,12,67.54009878670801,3.9870138119362566,66.8819705718344,3.8186350896312593,0.16837872230499729,4.223178806175886,-0.6581282148736136,0.0250922063629981,0.7930613846832696,Estimee (direct + Fay-Herriot)
BJ0506,Save,84,7,44.064120165896355,7.056244908803458,47.78690855132405,6.238784648013923,0.8174602607895345,11.58491905191189,3.722788385427698,0,0.8864645778560624,Estimee (direct + Fay-Herriot)
BJ0601,Aplahoue,204,17,86.25889953248601,3.2122381005326646,86.2193137993842,3.117390166853805,0.09484793367885969,2.9527055812933565,-0.039585733101816345,0.6072926021027473,0.049886264674924,Estimee (direct + Fay-Herriot)
BJ0604,Klouekanme,132,11,95.10145593066825,1.8139371707497913,94.62819183256448,1.796193628431324,0.01774354231846731,0.9781784399474549,-0.473264098103769,0.1722093992146365,0,Estimee (direct + Fay-Herriot)
BJ0605,Lalo,132,11,91.32488752276657,2.8995353623961404,91.33193135459075,2.831383064984188,0.06815229741195239,2.350455810810742,0.007043831824177005,0.7897196779379169,0.0165856411703587,Estimee (direct + Fay-Herriot)
BJ0606,Toviklin,156,13,96.54975887213483,1.5492561313823234,96.33463230231,1.5381929807980557,0.011063150584267767,0.7140943553598638,-0.21512656982483236,0.4994557823129251,0,Estimee (direct + Fay-Herriot)
BJ0701,Bassila,167,14,62.75102079322753,3.814281451873062,62.33510432208431,3.6745346105064103,0.1397468413666516,3.663778961513885,-0.4159164711432197,0,0.9791794385438772,Estimee (direct + Fay-Herriot)
BJ0702,Djougou,323,27,54.89635594131914,2.88568439633273,55.50618187246785,2.815338690215955,0.07034570611677493,2.4377477386707196,0.6098259311487055,0.054729020714601,0.3059006526727478,Estimee (direct + Fay-Herriot)
BJ0704,Ouake,72,6,61.60059549460294,10.77678199330326,64.110175725357,8.221885824285977,2.554896169017283,23.707412570885324,2.509580230754054,0,0.0561978915179531,Estimee (direct + Fay-Herriot)
BJ0800,Cotonou,713,60,57.22935329806624,2.4501079777279373,57.637734487729674,2.4074996806757185,0.0426082970522188,1.7390375215924494,0.4083811896634302,0,0.00843776106934,Estimee (direct + Fay-Herriot)
BJ0901,Athieme,84,7,92.13712532615725,2.043593291728085,92.04190933523033,2.0189824239664387,0.024610867761646116,1.2042938221251889,-0.09521599092691702,0.71047222106388,0.0613924533368639,Estimee (direct + Fay-Herriot)
BJ0902,Bopa,192,16,94.5615435972695,1.8437508179260351,94.51251863048626,1.8260092780715929,0.017741539854442268,0.9622525821791389,-0.04902496678325008,0.8145360922146636,0.0017129629629629,Estimee (direct + Fay-Herriot)
BJ0903,Come,168,14,96.08971209470731,1.7738518343211078,95.72125208636592,1.7571158956005883,0.016735938720519483,0.9434800808447846,-0.3684600083413869,0.3634449740407736,0.0640009948326471,Estimee (direct + Fay-Herriot)
BJ0905,Houeyogbe,216,18,94.57989749698092,1.3900869728983465,94.51268618154322,1.3822895938683073,0.0077973790300391865,0.5609274226764075,-0.06721131543770298,0.7128640934172293,0.0014071294559099,Estimee (direct + Fay-Herriot)
BJ0906,Lokossa,228,19,89.13742966189446,2.1292488258376667,89.19610659217503,2.101817708269375,0.02743111756829153,1.2883002322426955,0.058676930280569195,0.7778291870977763,0.0131759434169975,Estimee (direct + Fay-Herriot)
BJ1002,Adjohoun,95,8,94.42089208346647,2.4130097496782077,93.82600701626549,2.3717295128143503,0.0412802368638574,1.7107364306904445,-0.5948850672009769,0.4578642221479735,0.311641046837067,Estimee (direct + Fay-Herriot)
BJ1005,Avrankou,259,22,86.41448143113521,2.0669092676273855,86.05302251472558,2.0406632141471266,0.02624605348025888,1.269821268467524,-0.36145891640963157,0.3064589847037961,0.3709098072341127,Estimee (direct + Fay-Herriot)
BJ1006,Bonou,72,6,87.29303485372853,5.877111788830439,83.10551013408097,5.367047578276898,0.5100642105535416,8.678824376336147,-4.187524719647556,0.1573693012164007,0.7639099474854921,Estimee (direct + Fay-Herriot)
BJ1007,Dangbo,117,10,94.7597527082676,2.2501339639395375,94.18983878898244,2.216243658947758,0.03389030499177936,1.506146102183364,-0.5699139192851561,0.328621148986798,0.0447492037512695,Estimee (direct + Fay-Herriot)
BJ1102,Ifangni,143,12,69.11821930879925,4.139934753056167,70.2753631550197,3.9424167528831107,0.19751800017305632,4.77104137999386,1.1571438462204497,0.5316692807218975,0.3463870007056939,Estimee (direct + Fay-Herriot)
BJ1103,Ketou,168,14,77.35672905742143,3.2725686250036614,76.13207546353316,3.18054915633927,0.09201946866439137,2.8118422929721882,-1.2246535938882772,0.0025478364070252,0.8923648328209544,Estimee (direct + Fay-Herriot)
BJ1104,Pobe,108,9,75.29262711955225,4.378267233393441,74.07971111860815,4.1517152509565305,0.22655198243691022,5.1744667549979075,-1.2129160009441051,0.1169508589291225,0.6775308831230591,Estimee (direct + Fay-Herriot)
BJ1105,Sakete,192,16,70.41435939317749,3.814101297576114,72.12057126343001,3.663017670431371,0.1510836271447431,3.961185489246385,1.7062118702525169,0.790527721881414,0.1946254513225711,Estimee (direct + Fay-Herriot)
BJ1201,Abomey,72,6,86.9914344287738,2.622945162216134,86.60632307093877,2.5698225570595685,0.05312260515656542,2.025303689981912,-0.38511135783502937,0.3433354526055575,0,Estimee (direct + Fay-Herriot)
BJ1202,Agbangnizoun,60,5,80.2148164762954,10.507203858301132,78.17400921694748,8.081037416019036,2.4261664422820957,23.09050509537152,-2.0408072593479147,0.24953231292517,0,Estimee (direct + Fay-Herriot)
BJ1203,Bohicon,156,13,69.00950102674614,6.559717994623301,68.97853972874643,5.841743004787967,0.7179749898353345,10.945211218284467,-0.030961297999709814,0.0319056464193242,0,Estimee (direct + Fay-Herriot)
BJ1204,Cove,36,3,65.88253272306571,11.763368680585664,67.73880562298945,8.596314236162685,3.1670544444229787,26.923022906269228,1.856272899923738,0.1140552382382476,0.1578189552443451,Estimee (direct + Fay-Herriot)
BJ1205,Djidja,72,6,76.31340954408894,6.48101953603285,76.59755421387358,5.773417213368727,0.7076023226641226,10.918071126464445,0.2841446697846379,0.356151856835728,0.0988668344883074,Estimee (direct + Fay-Herriot)
BJ1206,Ouinhi,48,4,60.10332174468388,11.28499196797615,67.92015500774527,8.40346462733051,2.88152734064564,25.53415499827257,7.816833263061383,0.3346787207980626,0.0841511167988081,Estimee (direct + Fay-Herriot)
BJ1209,Zogbodomey,72,6,69.20751732699004,8.048658895814391,73.54400408037667,6.805428516784137,1.243230379030254,15.446428965660118,4.336486753386623,0.5371559234279601,0.0466804252309804,Estimee (direct + Fay-Herriot)
BJ1003,Aguegues,118,10,95.28548932597086,2.2794149880394667,94.4697949440937,2.2445027277530913,0.034912260286375396,1.5316324789284448,-0.8156943818771509,0.1118854163491729,0.0316176078494107,Estimee (direct + Fay-Herriot)
BJ0201,Boukoumbe,72,6,75.8886466923402,6.891761427871986,73.96846873497213,6.074210303970882,0.8175511239011035,11.862731066033785,-1.9201779573680682,0,0,Estimee (direct + Fay-Herriot)
BJ0209,Toukountouna,36,3,69.35641478406339,6.0740917909445455,68.97633684605489,5.491215702162844,0.5828760887817017,9.596102740012466,-0.38007793800849754,0,0.0476229182996099,Estimee (direct + Fay-Herriot)
BJ0301,Abomey-calavi,745,63,69.90554472367361,2.7895276165208873,70.45249617848863,2.7258905784682286,0.06363703805265875,2.281283672395657,0.5469514548150158,0.4547231800430272,0.0580915687478529,Estimee (direct + Fay-Herriot)
BJ0305,So-ava,70,6,95.20400109468291,2.9850208325676144,93.99159577860634,2.9073976004252184,0.07762323214239597,2.600425139265346,-1.2124053160765698,0.1966214403201449,0.0204872546335961,Estimee (direct + Fay-Herriot)
BJ0307,Tori-bossito,36,3,95.68023404211576,2.5503169069750418,95.72308538460291,2.5055297477201965,0.04478715925484522,1.756140938106698,0.04285134248715394,0.9594352802617816,0.0010194961175353,Estimee (direct + Fay-Herriot)
BJ0403,Ndali,59,5,53.41458257162358,7.0593186099046665,55.388560496571216,6.203692684927967,0.8556259249766995,12.120517181023715,1.9739779249476328,0.0057817205553916,0.6717797479248506,Estimee (direct + Fay-Herriot)
BJ0502,Dassa,156,13,62.604962518466024,4.517472362172549,62.96575032491213,4.260635825681968,0.2568365364905816,5.685403604042491,0.36078780644610475,9.69709560282e-4,0.2311926801501189,Estimee (direct + Fay-Herriot)
BJ0602,Djakotome,156,13,93.17988849527956,2.632832848854417,92.47450673455005,2.57888631059987,0.05394653825454698,2.048992144640701,-0.7053817607295088,0.3311162199718384,0.0618512709137709,Estimee (direct + Fay-Herriot)
BJ0603,Dogbo-tota,96,8,89.61371763659001,5.051420529854771,89.5701000610134,4.7079347653168995,0.3434857645378715,6.799785575321062,-0.043617575576604395,0.7161276362493338,0.0100056528196025,Estimee (direct + Fay-Herriot)
BJ0703,Kopargo,95,8,70.12832812549587,3.993618713903003,69.9151268608459,3.815978816898379,0.17763989700462401,4.448093564520955,-0.21320126464996747,0,0,Estimee (direct + Fay-Herriot)
BJ0904,Grand-popo,96,8,85.73579832169298,4.586947160365059,84.06607904121326,4.316008169383437,0.2709389909816222,5.906738872484834,-1.6697192804797254,0.2361432930759222,0.2804679804579547,Estimee (direct + Fay-Herriot)
BJ0101,Adjara,250,21,70.76982663019686,4.872033337570771,70.42618870944627,4.557916618744634,0.31411671882613756,6.447343379279056,-0.34363792075059507,0.0124653594946315,0.0029185283762044,Estimee (direct + Fay-Herriot)
BJ1004,Akpro-misserete,213,18,90.74799641432504,2.0534622577457236,90.35713816555133,2.027681461630358,0.025780796115365767,1.255479423501445,-0.39085824877371067,0.3847133712937472,0.2970613120136022,Estimee (direct + Fay-Herriot)
BJ1008,Porto-novo,285,24,87.69909434968892,2.360980672880988,87.12151121064981,2.322035355190761,0.03894531769022702,1.6495398771182646,-0.5775831390391062,0.1449789572129997,0.066046069769474,Estimee (direct + Fay-Herriot)
BJ1009,Seme-kpodji,488,41,68.71537989680832,3.1648812691036885,69.02801372891597,3.0725199133263725,0.09236135577731597,2.9183197701275283,0.3126338321076503,0.2082935543249053,0.0460430892966435,Estimee (direct + Fay-Herriot)
BJ1101,Adja-ouere,144,12,72.94824334479738,3.626545341656352,73.74041508598042,3.491574561260038,0.13497078039631383,3.7217452887179023,0.79217174118304,0.5790969459728782,0.2520211038244638,Estimee (direct + Fay-Herriot)
BJ1207,Za-kpota,84,7,87.97902165372325,2.2889665808943342,87.37929986127271,2.2538032357519757,0.035163345142358526,1.5362105080896231,-0.5997217924505378,0.0801879159761443,0.0086184232146965,Estimee (direct + Fay-Herriot)
BJ1208,Zangnanado,36,3,54.24085102924607,10.440655598689338,58.7327727491138,8.065094312940408,2.3755612857489297,22.752989630719593,4.491921719867726,0.0541694925828776,0.4602018458286672,Estimee (direct + Fay-Herriot)
